{"loss": [1.1121931076049805, 0.6848325133323669, 0.6523918509483337, 0.650821328163147, 0.6192082762718201, 0.6229572892189026, 0.5941774845123291, 0.6006893515586853, 0.5763115286827087, 0.5759938955307007, 0.5579513311386108, 0.5763168334960938, 0.5597909092903137, 0.558221697807312, 0.5469581484794617, 0.5499762892723083, 0.5578535795211792, 0.5276480317115784, 0.5164611339569092, 0.5115105509757996, 0.5084501504898071, 0.49605873227119446, 0.4922539293766022, 0.48858943581581116, 0.48116472363471985, 0.47988712787628174, 0.4490777850151062, 0.45675593614578247, 0.44370874762535095, 0.4281160533428192, 0.4322896897792816, 0.39057791233062744, 0.4229922294616699, 0.41924384236335754, 0.3724677860736847, 0.3690989315509796, 0.3494391143321991, 0.3487786650657654, 0.3286694884300232, 0.3917416036128998, 0.39104151725769043, 0.30573979020118713, 0.28918781876564026, 0.29618754982948303, 0.2649858593940735, 0.2603074014186859, 0.24634841084480286, 0.20149852335453033, 0.18591544032096863, 0.22275257110595703, 0.1736941933631897, 0.20230546593666077, 0.1795690655708313, 0.16482144594192505, 0.16593411564826965, 0.17751795053482056, 0.1654445230960846, 0.17342005670070648, 0.15994150936603546, 0.1534501016139984], "tp": [162.0, 245.0, 240.0, 248.0, 266.0, 258.0, 267.0, 254.0, 286.0, 271.0, 289.0, 273.0, 279.0, 280.0, 288.0, 278.0, 271.0, 297.0, 295.0, 311.0, 294.0, 298.0, 297.0, 317.0, 311.0, 309.0, 308.0, 308.0, 313.0, 328.0, 322.0, 331.0, 316.0, 327.0, 345.0, 324.0, 336.0, 327.0, 336.0, 313.0, 335.0, 344.0, 355.0, 348.0, 357.0, 355.0, 354.0, 368.0, 374.0, 350.0, 370.0, 369.0, 362.0, 370.0, 372.0, 368.0, 376.0, 360.0, 371.0, 375.0], "fp": [5033.0, 8035.0, 7622.0, 7469.0, 7068.0, 7032.0, 7032.0, 6579.0, 7086.0, 7403.0, 6751.0, 6911.0, 7210.0, 6866.0, 6832.0, 6592.0, 6655.0, 6637.0, 6398.0, 6266.0, 6016.0, 5953.0, 5875.0, 5592.0, 5886.0, 5734.0, 5296.0, 4881.0, 5112.0, 4784.0, 5083.0, 4949.0, 4534.0, 5060.0, 4249.0, 3963.0, 3831.0, 3639.0, 3613.0, 3558.0, 4331.0, 3279.0, 3243.0, 2941.0, 3005.0, 2619.0, 2754.0, 2284.0, 2129.0, 2097.0, 1767.0, 2006.0, 1991.0, 1674.0, 1651.0, 1746.0, 2039.0, 1741.0, 1655.0, 1652.0], "tn": [16969.0, 13971.0, 14385.0, 14531.0, 14931.0, 14970.0, 14970.0, 15419.0, 14913.0, 14596.0, 15250.0, 15091.0, 14790.0, 15140.0, 15170.0, 15409.0, 15349.0, 15366.0, 15606.0, 15732.0, 15985.0, 16052.0, 16133.0, 16402.0, 16112.0, 16264.0, 16707.0, 17119.0, 16889.0, 17215.0, 16918.0, 17053.0, 17464.0, 16942.0, 17752.0, 18037.0, 18174.0, 18366.0, 18392.0, 18444.0, 17665.0, 18726.0, 18759.0, 19055.0, 18994.0, 19380.0, 19250.0, 19716.0, 19869.0, 19910.0, 20235.0, 19994.0, 20014.0, 20330.0, 20352.0, 20254.0, 19958.0, 20267.0, 20350.0, 20347.0], "fn": [236.0, 149.0, 153.0, 152.0, 135.0, 140.0, 131.0, 148.0, 115.0, 130.0, 110.0, 125.0, 121.0, 114.0, 110.0, 121.0, 125.0, 100.0, 101.0, 91.0, 105.0, 97.0, 95.0, 89.0, 91.0, 93.0, 89.0, 92.0, 86.0, 73.0, 77.0, 67.0, 86.0, 71.0, 54.0, 76.0, 59.0, 68.0, 59.0, 85.0, 69.0, 51.0, 43.0, 56.0, 44.0, 46.0, 42.0, 32.0, 28.0, 43.0, 28.0, 31.0, 33.0, 26.0, 25.0, 32.0, 27.0, 32.0, 24.0, 26.0], "accuracy": [0.7647767663002014, 0.6346428394317627, 0.6529017686843872, 0.6597768068313599, 0.6784374713897705, 0.6798214316368103, 0.6802232265472412, 0.6996874809265137, 0.678526759147644, 0.6637053489685059, 0.6937053203582764, 0.6858928203582764, 0.6727232336997986, 0.6883928775787354, 0.6900892853736877, 0.7003124952316284, 0.6973214149475098, 0.699241042137146, 0.7098660469055176, 0.716205358505249, 0.7267410755157471, 0.7299107313156128, 0.7334821224212646, 0.7463839054107666, 0.7331696152687073, 0.7398660778999329, 0.7595981955528259, 0.7779910564422607, 0.7679464221000671, 0.7831696271896362, 0.7696428298950195, 0.7760714292526245, 0.793749988079071, 0.7709375023841858, 0.8079017996788025, 0.8196874856948853, 0.8263393044471741, 0.8345088958740234, 0.8360714316368103, 0.8373660445213318, 0.8035714030265808, 0.8513392806053162, 0.8533035516738892, 0.8662053346633911, 0.863883912563324, 0.8810268044471741, 0.8751785755157471, 0.8966071605682373, 0.903705358505249, 0.9044643044471741, 0.9198660850524902, 0.9090625047683716, 0.9096428751945496, 0.9241071343421936, 0.925178587436676, 0.9206249713897705, 0.9077678322792053, 0.9208481907844543, 0.9250446557998657, 0.9250892996788025], "precision": [0.03118383325636387, 0.029589373618364334, 0.03052658401429653, 0.032136838883161545, 0.036269430071115494, 0.0353909470140934, 0.03658035397529602, 0.03717254474759102, 0.03879544138908386, 0.03531404584646225, 0.04105113446712494, 0.03800111636519432, 0.037254638969898224, 0.03918275982141495, 0.040449440479278564, 0.04046579450368881, 0.03912792727351189, 0.04283241927623749, 0.04407590255141258, 0.04728599637746811, 0.04659271240234375, 0.047672372311353683, 0.048120543360710144, 0.05364697426557541, 0.05018557235598564, 0.051133543252944946, 0.054960742592811584, 0.05935633182525635, 0.05769585445523262, 0.06416275352239609, 0.059574469923973083, 0.0626893937587738, 0.06515463441610336, 0.06070168688893318, 0.07509795576334, 0.07557732611894608, 0.08063355088233948, 0.08245082944631577, 0.08508483320474625, 0.08085766434669495, 0.07179597020149231, 0.09494893997907639, 0.09866592288017273, 0.10580723732709885, 0.10618679225444794, 0.11936785280704498, 0.11389961838722229, 0.1387631893157959, 0.14942070841789246, 0.1430322825908661, 0.17313991487026215, 0.15536843240261078, 0.1538461595773697, 0.18101760745048523, 0.1838853359222412, 0.174077570438385, 0.15569357573986053, 0.171346977353096, 0.18311946094036102, 0.18500246107578278], "recall": [0.4070351719856262, 0.6218274235725403, 0.6106870174407959, 0.6200000047683716, 0.6633415818214417, 0.6482412219047546, 0.6708542704582214, 0.6318407654762268, 0.7132169008255005, 0.6758104562759399, 0.7243107557296753, 0.6859296560287476, 0.6974999904632568, 0.7106598615646362, 0.7236180901527405, 0.6967418789863586, 0.6843434572219849, 0.7481108903884888, 0.7449495196342468, 0.7736318111419678, 0.7368420958518982, 0.7544304132461548, 0.7576531171798706, 0.7807881832122803, 0.7736318111419678, 0.7686566710472107, 0.7758187055587769, 0.7699999809265137, 0.7844611406326294, 0.8179550766944885, 0.8070175647735596, 0.8316583037376404, 0.7860696315765381, 0.8216080069541931, 0.8646616339683533, 0.8100000023841858, 0.850632905960083, 0.8278481364250183, 0.850632905960083, 0.786432147026062, 0.8292078971862793, 0.8708860874176025, 0.8919597864151001, 0.8613861203193665, 0.8902742862701416, 0.8852867484092712, 0.8939393758773804, 0.9199999570846558, 0.9303482174873352, 0.8905852437019348, 0.929648220539093, 0.92249995470047, 0.9164556860923767, 0.9343434572219849, 0.9370277523994446, 0.9199999570846558, 0.9330025911331177, 0.9183673858642578, 0.9392405152320862, 0.9351620674133301], "auc": [0.6128038167953491, 0.6757040619850159, 0.6946108341217041, 0.7103071808815002, 0.736046552658081, 0.7373775839805603, 0.7513042092323303, 0.7500961422920227, 0.7733680009841919, 0.7558049559593201, 0.7863070368766785, 0.7654595375061035, 0.7729430198669434, 0.7859798669815063, 0.7925747036933899, 0.7866101861000061, 0.7791222929954529, 0.8040876984596252, 0.8118481636047363, 0.8239850997924805, 0.8221492767333984, 0.8299545645713806, 0.8299999833106995, 0.8427248001098633, 0.84357750415802, 0.8465759754180908, 0.8642672896385193, 0.8629294037818909, 0.8704025149345398, 0.8811526298522949, 0.8773157000541687, 0.8996946215629578, 0.8822585344314575, 0.8839406967163086, 0.9122154712677002, 0.9123172760009766, 0.9206897616386414, 0.9203738570213318, 0.9305188655853271, 0.9080975651741028, 0.9063149094581604, 0.9415884613990784, 0.94798344373703, 0.9462957382202148, 0.9566059112548828, 0.9584459066390991, 0.9620378017425537, 0.9753755927085876, 0.978920578956604, 0.9688557386398315, 0.9816984534263611, 0.97499680519104, 0.9798777103424072, 0.9831926226615906, 0.9833673238754272, 0.9806913137435913, 0.9831256866455078, 0.9813783764839172, 0.9841974973678589, 0.9857984185218811],