{"loss": [1.1086369752883911, 0.7330816388130188, 0.6692318916320801, 0.6489962935447693, 0.6638548970222473, 0.6456711888313293, 0.6767483353614807, 0.6308053135871887, 0.6416081190109253, 0.6107085943222046, 0.6231880187988281, 0.5899908542633057, 0.6029855012893677, 0.5904618501663208, 0.6031802296638489, 0.5955314636230469, 0.5654299259185791, 0.5676528215408325, 0.5682568550109863, 0.5549047589302063, 0.539965808391571, 0.5435782074928284, 0.5223591923713684, 0.5279726386070251, 0.4866044819355011, 0.4940072000026703, 0.46740129590034485, 0.4358096122741699, 0.4188590347766876, 0.45624974370002747, 0.4282674789428711, 0.39808741211891174, 0.40552231669425964, 0.35477134585380554, 0.35124602913856506, 0.3280330002307892, 0.3321031928062439, 0.2991451025009155, 0.2661301791667938, 0.32107800245285034, 0.32660871744155884, 0.250007688999176, 0.23935408890247345, 0.24675491452217102, 0.20979884266853333, 0.20302607119083405, 0.2012006938457489, 0.20094116032123566, 0.18442146480083466, 0.17491300404071808, 0.14742617309093475, 0.16341324150562286, 0.1583627313375473, 0.14593535661697388, 0.17025752365589142, 0.15953567624092102, 0.1650647670030594, 0.16414688527584076, 0.16311205923557281, 0.13167953491210938], "tp": [162.0, 225.0, 242.0, 260.0, 245.0, 250.0, 266.0, 257.0, 258.0, 272.0, 272.0, 282.0, 282.0, 276.0, 282.0, 283.0, 292.0, 295.0, 290.0, 303.0, 307.0, 296.0, 303.0, 312.0, 311.0, 311.0, 322.0, 323.0, 332.0, 329.0, 329.0, 331.0, 329.0, 342.0, 332.0, 349.0, 351.0, 344.0, 356.0, 348.0, 354.0, 365.0, 362.0, 366.0, 374.0, 374.0, 368.0, 364.0, 375.0, 371.0, 379.0, 365.0, 373.0, 376.0, 373.0, 374.0, 375.0, 368.0, 373.0, 383.0], "fp": [4959.0, 7669.0, 7268.0, 7039.0, 7120.0, 6951.0, 6955.0, 6880.0, 6782.0, 6912.0, 7242.0, 6705.0, 6871.0, 6557.0, 6951.0, 6603.0, 6434.0, 6358.0, 6794.0, 6498.0, 6301.0, 6323.0, 6129.0, 5864.0, 5336.0, 5371.0, 5341.0, 4941.0, 4518.0, 4489.0, 4502.0, 3932.0, 4466.0, 3939.0, 3509.0, 3455.0, 3337.0, 2999.0, 2597.0, 3109.0, 3259.0, 2438.0, 2426.0, 2430.0, 2212.0, 2036.0, 1756.0, 1846.0, 1835.0, 1714.0, 1517.0, 1584.0, 1421.0, 1461.0, 1702.0, 1439.0, 1506.0, 1620.0, 1545.0, 1092.0], "tn": [17041.0, 14335.0, 14738.0, 14961.0, 14880.0, 15050.0, 15044.0, 15123.0, 15214.0, 15089.0, 14758.0, 15295.0, 15127.0, 15448.0, 15050.0, 15402.0, 15567.0, 15644.0, 15208.0, 15503.0, 15698.0, 15681.0, 15875.0, 16129.0, 16664.0, 16626.0, 16660.0, 17062.0, 17482.0, 17508.0, 17497.0, 18071.0, 17538.0, 18065.0, 18499.0, 18550.0, 18663.0, 19005.0, 19408.0, 18890.0, 18741.0, 19565.0, 19572.0, 19573.0, 19783.0, 19965.0, 20244.0, 20155.0, 20163.0, 20291.0, 20483.0, 20421.0, 20581.0, 20540.0, 20300.0, 20562.0, 20493.0, 20384.0, 20459.0, 20903.0], "fn": [238.0, 171.0, 152.0, 140.0, 155.0, 149.0, 135.0, 140.0, 146.0, 127.0, 128.0, 118.0, 120.0, 119.0, 117.0, 112.0, 107.0, 103.0, 108.0, 96.0, 94.0, 100.0, 93.0, 95.0, 89.0, 92.0, 77.0, 74.0, 68.0, 74.0, 72.0, 66.0, 67.0, 54.0, 60.0, 46.0, 49.0, 52.0, 39.0, 53.0, 46.0, 32.0, 40.0, 31.0, 31.0, 25.0, 32.0, 35.0, 27.0, 24.0, 21.0, 30.0, 25.0, 23.0, 25.0, 25.0, 26.0, 28.0, 23.0, 22.0], "accuracy": [0.7679910659790039, 0.6499999761581421, 0.668749988079071, 0.6795089244842529, 0.6752232313156128, 0.6830357313156128, 0.6834821105003357, 0.6866071224212646, 0.6907142996788025, 0.6857589483261108, 0.6709821224212646, 0.6954017877578735, 0.6879017949104309, 0.701964259147644, 0.6844642758369446, 0.7002232074737549, 0.7079910635948181, 0.7115625143051147, 0.6918749809265137, 0.7056249976158142, 0.7145089507102966, 0.7132589221000671, 0.7222321629524231, 0.7339732050895691, 0.7578125, 0.7561160922050476, 0.7581250071525574, 0.7761160731315613, 0.7952678203582764, 0.796294629573822, 0.7958035469055176, 0.821517825126648, 0.797633945941925, 0.8217410445213318, 0.8406696319580078, 0.8437053561210632, 0.848839282989502, 0.8637946248054504, 0.8823214173316956, 0.8588392734527588, 0.8524553775787354, 0.8897321224212646, 0.8899106979370117, 0.8901339173316956, 0.8998660445213318, 0.9079910516738892, 0.9201785326004028, 0.916026771068573, 0.9168750047683716, 0.9224107265472412, 0.9313392639160156, 0.9279464483261108, 0.9354464411735535, 0.9337499737739563, 0.9229017496109009, 0.9346428513526917, 0.9316071271896362, 0.9264285564422607, 0.9300000071525574, 0.9502678513526917], "precision": [0.03163444623351097, 0.028502661734819412, 0.03222370147705078, 0.035621318966150284, 0.03326544538140297, 0.03471740335226059, 0.036837004125118256, 0.0360095277428627, 0.036647725850343704, 0.03786191716790199, 0.036199092864990234, 0.040360670536756516, 0.03942401334643364, 0.04039221256971359, 0.03898797184228897, 0.04109787940979004, 0.043413616716861725, 0.04434090107679367, 0.04093732312321663, 0.0445522703230381, 0.046458836644887924, 0.04471974819898605, 0.047108206897974014, 0.050518132746219635, 0.05507349222898483, 0.0547342449426651, 0.05686032027006149, 0.061360184103250504, 0.06845360994338989, 0.06828559190034866, 0.06810184568166733, 0.07764485478401184, 0.06861313432455063, 0.07988787442445755, 0.08643582463264465, 0.091745525598526, 0.09517353773117065, 0.10290158540010452, 0.12055536359548569, 0.10066531598567963, 0.09797951579093933, 0.13021762669086456, 0.12984217703342438, 0.1309012770652771, 0.14462490379810333, 0.155186727643013, 0.1732580065727234, 0.16470588743686676, 0.16968326270580292, 0.17793765664100647, 0.19989453256130219, 0.18727552890777588, 0.2079152762889862, 0.20468156039714813, 0.17975902557373047, 0.2062879353761673, 0.19936203956604004, 0.1851106584072113, 0.19447341561317444, 0.2596610486507416], "recall": [0.4050000011920929, 0.5681818127632141, 0.6142131686210632, 0.6499999761581421, 0.612500011920929, 0.6265664100646973, 0.6633415818214417, 0.6473551988601685, 0.6386138796806335, 0.6817042827606201, 0.6800000071525574, 0.7049999833106995, 0.7014925479888916, 0.6987341642379761, 0.7067669034004211, 0.7164556980133057, 0.7318295836448669, 0.7412060499191284, 0.7286431789398193, 0.7593985199928284, 0.7655860185623169, 0.747474730014801, 0.7651515007019043, 0.7665847539901733, 0.7774999737739563, 0.7717122435569763, 0.8070175647735596, 0.8136020302772522, 0.8299999833106995, 0.8163772225379944, 0.8204488158226013, 0.8337531685829163, 0.8308081030845642, 0.8636363744735718, 0.8469388484954834, 0.8835443258285522, 0.8774999976158142, 0.868686854839325, 0.9012657999992371, 0.8678303956985474, 0.8849999904632568, 0.9193955063819885, 0.9004974961280823, 0.9219143986701965, 0.9234568476676941, 0.9373433589935303, 0.9199999570846558, 0.9122806787490845, 0.9328358173370361, 0.9392405152320862, 0.9474999904632568, 0.9240506291389465, 0.9371859431266785, 0.9423558712005615, 0.9371859431266785, 0.9373433589935303, 0.9351620674133301, 0.9292929172515869, 0.941919207572937, 0.9456790685653687], "auc": [0.618902862071991, 0.6563618183135986, 0.7020270228385925, 0.7245240211486816, 0.7108615040779114, 0.7242310643196106, 0.7340978980064392, 0.7414388060569763, 0.7354654669761658, 0.7551268935203552, 0.7476339340209961, 0.7787455320358276, 0.7687684297561646, 0.7703922390937805, 0.7713178396224976, 0.7833819389343262, 0.7944541573524475, 0.7972579598426819, 0.7904149889945984, 0.8072781562805176, 0.8126227855682373, 0.8096986413002014, 0.8246092796325684, 0.8294417858123779, 0.8500036001205444, 0.8530404567718506, 0.8639102578163147, 0.8832103610038757, 0.8908864855766296, 0.8779067397117615, 0.8914040923118591, 0.9092440605163574, 0.9001538157463074, 0.9209509491920471, 0.9245618581771851, 0.934869110584259, 0.9356894493103027, 0.9454714059829712, 0.9573811292648315, 0.9384699463844299, 0.9386453032493591, 0.9632411599159241, 0.9657720923423767, 0.9639349579811096, 0.9735919833183289, 0.9753947257995605, 0.9755079746246338, 0.9765225052833557, 0.9794878959655762, 0.9809591174125671, 0.9867981672286987, 0.9835328459739685, 0.9843682050704956, 0.9870015382766724, 0.9827495217323303, 0.9845505952835083, 0.9823914766311646, 0.9838100075721741, 0.984110414981842, 0.9896588325500488],