{"loss": [1.2776392698287964, 0.6770834922790527, 0.6036784648895264, 0.628804624080658, 0.5936838388442993, 0.5755307674407959, 0.573732852935791, 0.588425874710083, 0.5667022466659546, 0.5619617700576782, 0.5407058596611023, 0.5359078645706177, 0.5524259209632874, 0.5282503366470337, 0.5395415425300598, 0.5247071385383606, 0.5007056593894958, 0.5187757015228271, 0.48888513445854187, 0.4819207191467285, 0.48570138216018677, 0.45358720421791077, 0.46724483370780945, 0.4709315598011017, 0.442180335521698, 0.4257887005805969, 0.42434564232826233, 0.3893665671348572, 0.38250744342803955, 0.40238532423973083, 0.3852587044239044, 0.37720808386802673, 0.35562941431999207, 0.33637914061546326, 0.3284186124801636, 0.3247987627983093, 0.2989089787006378, 0.27263420820236206, 0.27806517481803894, 0.2565491199493408, 0.27941015362739563, 0.22985774278640747, 0.22113767266273499, 0.20937460660934448, 0.23939308524131775, 0.22741062939167023, 0.21365898847579956, 0.21125522255897522, 0.21508347988128662, 0.19643495976924896, 0.1647462397813797, 0.18048933148384094, 0.1585828959941864, 0.15104630589485168, 0.15837837755680084, 0.14513400197029114, 0.11751127988100052, 0.11307330429553986, 0.1309477835893631, 0.13319995999336243], "tp": [149.0, 243.0, 279.0, 254.0, 279.0, 281.0, 271.0, 264.0, 278.0, 283.0, 304.0, 297.0, 286.0, 293.0, 294.0, 296.0, 302.0, 295.0, 314.0, 308.0, 310.0, 314.0, 321.0, 295.0, 322.0, 316.0, 330.0, 338.0, 332.0, 330.0, 330.0, 335.0, 340.0, 334.0, 335.0, 337.0, 338.0, 347.0, 344.0, 356.0, 351.0, 360.0, 361.0, 371.0, 358.0, 358.0, 371.0, 362.0, 363.0, 368.0, 369.0, 368.0, 375.0, 375.0, 374.0, 375.0, 377.0, 372.0, 378.0, 375.0], "fp": [3771.0, 6956.0, 7487.0, 7075.0, 7127.0, 7652.0, 6732.0, 6646.0, 7111.0, 6869.0, 7039.0, 6761.0, 6521.0, 7174.0, 6350.0, 6492.0, 6474.0, 6585.0, 6019.0, 6151.0, 5762.0, 5292.0, 5703.0, 5433.0, 5388.0, 4978.0, 4902.0, 4730.0, 4281.0, 4726.0, 4303.0, 4147.0, 4083.0, 3901.0, 3531.0, 3886.0, 3536.0, 2889.0, 3144.0, 2802.0, 3144.0, 2606.0, 2458.0, 2229.0, 2585.0, 2541.0, 2211.0, 2293.0, 2323.0, 2158.0, 1767.0, 1935.0, 1684.0, 1621.0, 1799.0, 1629.0, 1154.0, 1201.0, 1384.0, 1190.0], "tn": [18231.0, 15049.0, 14521.0, 14927.0, 14875.0, 14352.0, 15277.0, 15361.0, 14886.0, 15133.0, 14960.0, 15243.0, 15480.0, 14830.0, 15654.0, 15515.0, 15530.0, 15417.0, 15983.0, 15855.0, 16244.0, 16713.0, 16303.0, 16570.0, 16613.0, 17026.0, 17094.0, 17271.0, 17721.0, 17275.0, 17695.0, 17855.0, 17920.0, 18105.0, 18474.0, 18120.0, 18468.0, 19115.0, 18860.0, 19202.0, 18859.0, 19399.0, 19549.0, 19772.0, 19415.0, 19462.0, 19789.0, 19708.0, 19683.0, 19844.0, 20239.0, 20070.0, 20321.0, 20380.0, 20204.0, 20375.0, 20853.0, 20805.0, 20621.0, 20815.0], "fn": [249.0, 152.0, 113.0, 144.0, 119.0, 115.0, 120.0, 129.0, 125.0, 115.0, 97.0, 99.0, 113.0, 103.0, 102.0, 97.0, 94.0, 103.0, 84.0, 86.0, 84.0, 81.0, 73.0, 102.0, 77.0, 80.0, 74.0, 61.0, 66.0, 69.0, 72.0, 63.0, 57.0, 60.0, 60.0, 57.0, 58.0, 49.0, 52.0, 40.0, 46.0, 35.0, 32.0, 28.0, 42.0, 39.0, 29.0, 37.0, 31.0, 30.0, 25.0, 27.0, 20.0, 24.0, 23.0, 21.0, 16.0, 22.0, 17.0, 20.0], "accuracy": [0.8205357193946838, 0.6826785802841187, 0.6607142686843872, 0.677723228931427, 0.6765178442001343, 0.6532589197158813, 0.6941071152687073, 0.6975446343421936, 0.676964282989502, 0.6882143020629883, 0.6814285516738892, 0.6937499642372131, 0.7038393020629883, 0.6751339435577393, 0.7119642496109009, 0.705848217010498, 0.7067856788635254, 0.7014285922050476, 0.7275446057319641, 0.7215625047683716, 0.7390178442001343, 0.7601339221000671, 0.7421428561210632, 0.7529017925262451, 0.7560268044471741, 0.774196445941925, 0.7778571248054504, 0.7861160635948181, 0.8059374690055847, 0.785937488079071, 0.8046875, 0.8120535612106323, 0.8151785731315613, 0.8231696486473083, 0.8396874666213989, 0.8239731788635254, 0.8395535349845886, 0.8688392639160156, 0.8573214411735535, 0.8731250166893005, 0.8575893044471741, 0.8820981979370117, 0.8888393044471741, 0.8992410898208618, 0.8827232122421265, 0.8848214149475098, 0.8999999761581421, 0.8959821462631226, 0.8949106931686401, 0.9023213982582092, 0.9200000166893005, 0.9124106764793396, 0.9239285588264465, 0.926562488079071, 0.9186607003211975, 0.9263392686843872, 0.9477678537368774, 0.9454017877578735, 0.9374553561210632, 0.9459821581840515], "precision": [0.03801020234823227, 0.03375468775629997, 0.03592583164572716, 0.034656841307878494, 0.03767215460538864, 0.03542165830731392, 0.03869769722223282, 0.03820549696683884, 0.03762349486351013, 0.03956935182213783, 0.04139997065067291, 0.04207991063594818, 0.042015571147203445, 0.039239320904016495, 0.044250451028347015, 0.04360636696219444, 0.044569071382284164, 0.04287790507078171, 0.049581557512283325, 0.047685399651527405, 0.05105401948094368, 0.056011416018009186, 0.053286854177713394, 0.05150139331817627, 0.05639228969812393, 0.059690214693546295, 0.06307339668273926, 0.06669297069311142, 0.07197051495313644, 0.06526898592710495, 0.07122814655303955, 0.07474341988563538, 0.07687089592218399, 0.07886658608913422, 0.08665287494659424, 0.07980109006166458, 0.0872483178973198, 0.10723114758729935, 0.0986238569021225, 0.11272957175970078, 0.10042917728424072, 0.12137558311223984, 0.12805959582328796, 0.14269231259822845, 0.12164457142353058, 0.12349086254835129, 0.14368706941604614, 0.1363465040922165, 0.1351451873779297, 0.1456848829984665, 0.17275281250476837, 0.15979157388210297, 0.1821272373199463, 0.18787574768066406, 0.17211228609085083, 0.18712574243545532, 0.24624429643154144, 0.23649080097675323, 0.21452894806861877, 0.23961663246154785], "recall": [0.37437185645103455, 0.6151898503303528, 0.7117347717285156, 0.6381909251213074, 0.7010050415992737, 0.7095959782600403, 0.6930946111679077, 0.6717557311058044, 0.6898263692855835, 0.7110552787780762, 0.758104681968689, 0.75, 0.7167919874191284, 0.7398989796638489, 0.7424242496490479, 0.7531806826591492, 0.7626262903213501, 0.7412060499191284, 0.7889447212219238, 0.7817258834838867, 0.7868019938468933, 0.7949367165565491, 0.8147208094596863, 0.7430731058120728, 0.8070175647735596, 0.7979797720909119, 0.816831648349762, 0.8471177816390991, 0.8341708183288574, 0.8270676732063293, 0.8208954930305481, 0.8417085409164429, 0.8564231991767883, 0.8477157354354858, 0.8481012582778931, 0.8553299307823181, 0.8535353541374207, 0.8762626051902771, 0.868686854839325, 0.8989899158477783, 0.8841310143470764, 0.9113923907279968, 0.9185750484466553, 0.9298245310783386, 0.8949999809265137, 0.9017632603645325, 0.9274999499320984, 0.9072681665420532, 0.9213197827339172, 0.9246231317520142, 0.9365482330322266, 0.9316455721855164, 0.949367105960846, 0.9398496150970459, 0.9420655369758606, 0.9469696879386902, 0.9592875242233276, 0.9441624283790588, 0.9569620490074158, 0.949367105960846], "auc": [0.6496460437774658, 0.7163118124008179, 0.7556145787239075, 0.7285247445106506, 0.757978618144989, 0.7596438527107239, 0.7716877460479736, 0.7638779282569885, 0.767922043800354, 0.7775759696960449, 0.7950387597084045, 0.7967695593833923, 0.7857801914215088, 0.7958765029907227, 0.8039227724075317, 0.8056983351707458, 0.8222988843917847, 0.808925211429596, 0.8355152010917664, 0.8364807367324829, 0.8366175889968872, 0.8623006343841553, 0.8538250923156738, 0.847568929195404, 0.8682697415351868, 0.8806080222129822, 0.8816561698913574, 0.9007434248924255, 0.9043030738830566, 0.893168032169342, 0.9053810238838196, 0.9093509912490845, 0.9199070930480957, 0.9268072247505188, 0.9312210083007812, 0.9307616353034973, 0.9418865442276001, 0.952076256275177, 0.9497762322425842, 0.9588273763656616, 0.9506871104240417, 0.967316746711731, 0.9689993262290955, 0.9728293418884277, 0.9636455178260803, 0.9678216576576233, 0.971652090549469, 0.9721506834030151, 0.9710198044776917, 0.9762593507766724, 0.9831279516220093, 0.9794675707817078, 0.9843526482582092, 0.985939621925354, 0.984616756439209, 0.9870062470436096, 0.9916130304336548, 0.9918965101242065, 0.9887177348136902, 0.9889888167381287],