{"loss": [0.9666357040405273, 0.7073075175285339, 0.6591790914535522, 0.6254920959472656, 0.6263279914855957, 0.6143810749053955, 0.6279676556587219, 0.6446794271469116, 0.6078848838806152, 0.5873367786407471, 0.580282986164093, 0.575560986995697, 0.5538291335105896, 0.5382452011108398, 0.5408589243888855, 0.5557579398155212, 0.5434905886650085, 0.536516547203064, 0.5320867300033569, 0.5176129341125488, 0.518764078617096, 0.5422408580780029, 0.5150060057640076, 0.5213935971260071, 0.5031910538673401, 0.4966297447681427, 0.4927474856376648, 0.5066760778427124, 0.5202983021736145, 0.4880903661251068, 0.46512171626091003, 0.452432781457901, 0.4407581686973572, 0.4956128001213074, 0.4438154697418213, 0.42447876930236816, 0.4105677902698517, 0.40792497992515564, 0.39743316173553467, 0.3578156530857086, 0.3644475042819977, 0.35215210914611816, 0.4457765817642212, 0.45299404859542847, 0.4418528974056244, 0.3983617126941681, 0.31180301308631897, 0.2877170443534851, 0.26709580421447754, 0.25389111042022705, 0.22674204409122467, 0.21647217869758606, 0.22531040012836456, 0.21696285903453827, 0.20339927077293396, 0.21678407490253448, 0.20763319730758667, 0.24958686530590057, 0.21359755098819733, 0.18157541751861572], "tp": [210.0, 267.0, 303.0, 310.0, 299.0, 316.0, 308.0, 303.0, 298.0, 318.0, 308.0, 316.0, 329.0, 347.0, 342.0, 339.0, 336.0, 338.0, 344.0, 359.0, 350.0, 345.0, 354.0, 349.0, 350.0, 354.0, 362.0, 359.0, 367.0, 364.0, 373.0, 368.0, 386.0, 363.0, 380.0, 394.0, 384.0, 395.0, 397.0, 402.0, 399.0, 402.0, 378.0, 385.0, 392.0, 389.0, 414.0, 415.0, 418.0, 417.0, 427.0, 430.0, 424.0, 429.0, 438.0, 424.0, 423.0, 422.0, 428.0, 435.0], "fp": [7510.0, 9036.0, 8619.0, 8442.0, 8361.0, 8733.0, 8548.0, 7897.0, 8241.0, 7968.0, 8106.0, 8424.0, 8147.0, 7919.0, 7767.0, 7660.0, 8025.0, 7886.0, 7557.0, 7694.0, 7391.0, 7699.0, 7470.0, 7350.0, 7323.0, 7216.0, 7272.0, 7105.0, 6870.0, 7121.0, 6668.0, 6262.0, 6079.0, 6693.0, 6241.0, 5698.0, 5604.0, 5594.0, 5553.0, 4712.0, 4653.0, 4884.0, 4712.0, 5743.0, 4776.0, 5365.0, 4286.0, 3514.0, 3658.0, 2937.0, 3085.0, 2701.0, 2732.0, 2598.0, 2620.0, 2765.0, 2462.0, 2894.0, 2855.0, 2075.0], "tn": [18265.0, 16739.0, 17155.0, 17331.0, 17412.0, 17040.0, 17223.0, 17878.0, 17532.0, 17807.0, 17668.0, 17350.0, 17628.0, 17855.0, 18007.0, 18111.0, 17748.0, 17889.0, 18218.0, 18081.0, 18384.0, 18075.0, 18303.0, 18425.0, 18451.0, 18558.0, 18502.0, 18668.0, 18902.0, 18650.0, 19107.0, 19511.0, 19695.0, 19079.0, 19529.0, 20075.0, 20171.0, 20179.0, 20219.0, 21061.0, 21120.0, 20891.0, 21061.0, 20031.0, 20996.0, 20410.0, 21489.0, 22260.0, 22116.0, 22836.0, 22690.0, 23071.0, 23043.0, 23176.0, 23153.0, 23008.0, 23312.0, 22879.0, 22919.0, 23698.0], "fn": [255.0, 198.0, 163.0, 157.0, 168.0, 151.0, 161.0, 162.0, 169.0, 147.0, 158.0, 150.0, 136.0, 119.0, 124.0, 130.0, 131.0, 127.0, 121.0, 106.0, 115.0, 121.0, 113.0, 116.0, 116.0, 112.0, 104.0, 108.0, 101.0, 105.0, 92.0, 99.0, 80.0, 105.0, 90.0, 73.0, 81.0, 72.0, 71.0, 65.0, 68.0, 63.0, 89.0, 81.0, 76.0, 76.0, 51.0, 51.0, 48.0, 50.0, 38.0, 38.0, 41.0, 37.0, 29.0, 43.0, 43.0, 45.0, 38.0, 32.0], "accuracy": [0.7040777206420898, 0.6480945348739624, 0.665320098400116, 0.6722941994667053, 0.6749618649482727, 0.6614329218864441, 0.6681021451950073, 0.692873477935791, 0.6794969439506531, 0.6907393336296082, 0.685060977935791, 0.6732469797134399, 0.6843369007110596, 0.6936737895011902, 0.6992759108543396, 0.703125, 0.6891768574714661, 0.69462651014328, 0.7073932886123657, 0.7027438879013062, 0.7139481902122498, 0.7019817233085632, 0.7110137343406677, 0.7154725790023804, 0.7165015339851379, 0.7207317352294922, 0.7189024686813354, 0.7251143455505371, 0.7343369126319885, 0.7246189117431641, 0.7423780560493469, 0.7575838565826416, 0.7652820348739624, 0.740929901599884, 0.7587271332740784, 0.780068576335907, 0.7833460569381714, 0.7840701341629028, 0.7856707572937012, 0.8179497122764587, 0.8200838565826416, 0.8114710450172424, 0.8170350790023804, 0.7780487537384033, 0.8150914907455444, 0.7926447987556458, 0.8347179889678955, 0.8641387224197388, 0.8587652444839478, 0.8861661553382874, 0.8809832334518433, 0.8956173658370972, 0.894321620464325, 0.8995807766914368, 0.8990472555160522, 0.8929877877235413, 0.9045350551605225, 0.8879954218864441, 0.8897484540939331, 0.9197027683258057], "precision": [0.027202069759368896, 0.028700418770313263, 0.03396099433302879, 0.03542047366499901, 0.034526560455560684, 0.034920986741781235, 0.03477868065237999, 0.0369512178003788, 0.03489869832992554, 0.03837798535823822, 0.036605656147003174, 0.03615560755133629, 0.03881547972559929, 0.041979193687438965, 0.04217536002397537, 0.04238029941916466, 0.04018658027052879, 0.041099220514297485, 0.04353879392147064, 0.044579654932022095, 0.04521379619836807, 0.04288910701870918, 0.045245397835969925, 0.04533056542277336, 0.04561449587345123, 0.04676353931427002, 0.047419436275959015, 0.04809753596782684, 0.05071162059903145, 0.048630595207214355, 0.052975431084632874, 0.05550527572631836, 0.05970611050724983, 0.051445577293634415, 0.0573931448161602, 0.0646749883890152, 0.06412825733423233, 0.06595424562692642, 0.06672269105911255, 0.07860774546861649, 0.07897862046957016, 0.07604993879795074, 0.07426325976848602, 0.06282636523246765, 0.07585139572620392, 0.0676051452755928, 0.0880851075053215, 0.10562483966350555, 0.10255151987075806, 0.12432915717363358, 0.12158314883708954, 0.13733631372451782, 0.13434727489948273, 0.14172448217868805, 0.1432308703660965, 0.13295704126358032, 0.14662045240402222, 0.12726175785064697, 0.13036856055259705, 0.17330676317214966], "recall": [0.4516129195690155, 0.57419353723526, 0.6502146124839783, 0.6638115644454956, 0.640256941318512, 0.6766595244407654, 0.6567164063453674, 0.6516129374504089, 0.638115644454956, 0.6838709712028503, 0.6609442234039307, 0.6781116127967834, 0.7075269222259521, 0.7446351647377014, 0.733905553817749, 0.7228145003318787, 0.7194860577583313, 0.726881742477417, 0.7397849559783936, 0.7720430493354797, 0.7526881694793701, 0.7403433322906494, 0.7580299973487854, 0.750537633895874, 0.7510729432106018, 0.7596566677093506, 0.7768240571022034, 0.7687366008758545, 0.7841880917549133, 0.7761194109916687, 0.802150547504425, 0.7880085706710815, 0.8283261656761169, 0.7756410837173462, 0.8085106015205383, 0.8436830639839172, 0.8258064985275269, 0.8458244204521179, 0.8482906222343445, 0.8608136773109436, 0.8543897271156311, 0.8645161390304565, 0.8094218373298645, 0.8261802792549133, 0.8376069068908691, 0.8365591764450073, 0.8903226256370544, 0.8905579447746277, 0.8969957232475281, 0.8929336071014404, 0.9182795882225037, 0.9188034534454346, 0.9118279814720154, 0.9206008315086365, 0.937901496887207, 0.9079229235649109, 0.9077253341674805, 0.9036402702331543, 0.9184549450874329, 0.9314774870872498], "auc": [0.610040009021759, 0.6650134325027466, 0.7160634994506836, 0.733256459236145, 0.7314558029174805, 0.7385367751121521, 0.7269024848937988, 0.7427598834037781, 0.7324884533882141, 0.7659949660301208, 0.7595925331115723, 0.7591049075126648, 0.7771411538124084, 0.7963429093360901, 0.7954764366149902, 0.7864692807197571, 0.7883440256118774, 0.7958306074142456, 0.8033518195152283, 0.8136855959892273, 0.8120647072792053, 0.8059801459312439, 0.815863311290741, 0.8133483529090881, 0.8265308141708374, 0.831963300704956, 0.8332915306091309, 0.8255155086517334, 0.8277056217193604, 0.8381412625312805, 0.8543272018432617, 0.8629629611968994, 0.8755871057510376, 0.8446899056434631, 0.8696649074554443, 0.8842483758926392, 0.8915264010429382, 0.8936271667480469, 0.8971086144447327, 0.9179240465164185, 0.916210412979126, 0.9217113852500916, 0.8896770477294922, 0.8840188384056091, 0.9022644758224487, 0.8996880650520325, 0.9391417503356934, 0.9491234421730042, 0.9558653831481934, 0.9604297876358032, 0.9681004881858826, 0.9713142514228821, 0.9688748121261597, 0.9705234169960022, 0.9746105670928955, 0.970770537853241, 0.9730111956596375, 0.9627454280853271, 0.971707820892334, 0.9800180196762085],