{"loss": [1.039122462272644, 0.7041230201721191, 0.6420608758926392, 0.6346985101699829, 0.6353143453598022, 0.6391071677207947, 0.6226418614387512, 0.587286114692688, 0.5917627811431885, 0.5841045379638672, 0.5681503415107727, 0.5939254760742188, 0.6007347106933594, 0.5837454795837402, 0.5684292316436768, 0.5851252675056458, 0.556903600692749, 0.54510897397995, 0.5448731780052185, 0.5405997037887573, 0.5245268940925598, 0.5195171236991882, 0.5105835795402527, 0.510488748550415, 0.5092160701751709, 0.5210986733436584, 0.48762181401252747, 0.4726963937282562, 0.46822452545166016, 0.4721202254295349, 0.4650292992591858, 0.44309282302856445, 0.45212987065315247, 0.4397751986980438, 0.3946576714515686, 0.39738085865974426, 0.38236790895462036, 0.3127163052558899, 0.3356364965438843, 0.38952910900115967, 0.3226012587547302, 0.28911054134368896, 0.2564493417739868, 0.2422581911087036, 0.22978053987026215, 0.22529205679893494, 0.2323174774646759, 0.18374744057655334, 0.16671395301818848, 0.18515238165855408, 0.160477876663208, 0.1554856300354004, 0.1874804049730301, 0.1705234944820404, 0.12270346283912659, 0.13246670365333557, 0.12072876840829849, 0.11651020497083664, 0.16159957647323608, 0.12186526507139206], "tp": [188.0, 282.0, 297.0, 307.0, 301.0, 298.0, 315.0, 312.0, 309.0, 314.0, 339.0, 311.0, 326.0, 325.0, 338.0, 316.0, 341.0, 346.0, 340.0, 342.0, 351.0, 355.0, 347.0, 356.0, 348.0, 351.0, 365.0, 370.0, 375.0, 368.0, 373.0, 379.0, 374.0, 377.0, 391.0, 398.0, 410.0, 410.0, 402.0, 392.0, 422.0, 417.0, 423.0, 424.0, 428.0, 429.0, 423.0, 441.0, 439.0, 436.0, 442.0, 442.0, 431.0, 440.0, 451.0, 446.0, 451.0, 451.0, 432.0, 445.0], "fp": [7302.0, 9220.0, 8610.0, 8842.0, 8788.0, 8942.0, 8873.0, 8646.0, 8273.0, 7805.0, 8924.0, 8069.0, 8570.0, 8058.0, 8314.0, 7076.0, 8138.0, 8071.0, 7758.0, 7422.0, 7453.0, 7396.0, 7208.0, 7280.0, 7254.0, 7298.0, 7289.0, 6657.0, 6432.0, 6118.0, 5923.0, 6214.0, 5969.0, 5462.0, 5525.0, 5019.0, 4869.0, 4113.0, 4432.0, 4535.0, 4026.0, 3762.0, 3536.0, 2973.0, 2804.0, 3040.0, 2767.0, 2291.0, 2030.0, 2244.0, 2047.0, 1752.0, 2134.0, 2073.0, 1475.0, 1492.0, 1359.0, 1340.0, 1802.0, 1447.0], "tn": [18473.0, 16554.0, 17165.0, 16931.0, 16984.0, 16833.0, 16898.0, 17128.0, 17500.0, 17970.0, 16850.0, 17706.0, 17204.0, 17717.0, 17460.0, 18696.0, 17637.0, 17702.0, 18016.0, 18353.0, 18322.0, 18377.0, 18567.0, 18494.0, 18519.0, 18477.0, 18484.0, 19118.0, 19339.0, 19656.0, 19851.0, 19560.0, 19806.0, 20309.0, 20250.0, 20750.0, 20905.0, 21661.0, 21343.0, 21237.0, 21747.0, 22013.0, 22239.0, 22801.0, 22970.0, 22731.0, 23007.0, 23484.0, 23743.0, 23529.0, 23727.0, 24022.0, 23637.0, 23701.0, 24299.0, 24282.0, 24414.0, 24433.0, 23973.0, 24326.0], "fn": [277.0, 184.0, 168.0, 160.0, 167.0, 167.0, 154.0, 154.0, 158.0, 151.0, 127.0, 154.0, 140.0, 140.0, 128.0, 152.0, 124.0, 121.0, 126.0, 123.0, 114.0, 112.0, 118.0, 110.0, 119.0, 114.0, 102.0, 95.0, 94.0, 98.0, 93.0, 87.0, 91.0, 92.0, 74.0, 73.0, 56.0, 56.0, 63.0, 76.0, 45.0, 48.0, 42.0, 42.0, 38.0, 40.0, 43.0, 24.0, 28.0, 31.0, 24.0, 24.0, 38.0, 26.0, 15.0, 20.0, 16.0, 16.0, 33.0, 22.0], "accuracy": [0.7111661434173584, 0.6416158676147461, 0.6654725670814514, 0.65693598985672, 0.6587271094322205, 0.6528582572937012, 0.6559832096099854, 0.6646341681480408, 0.6786966323852539, 0.6967988014221191, 0.655068576335907, 0.6866234540939331, 0.6680639982223511, 0.6875762343406677, 0.6782774329185486, 0.7245426774024963, 0.6851372122764587, 0.6878048777580261, 0.6995427012443542, 0.7124618887901306, 0.71162348985672, 0.713871955871582, 0.7208079099655151, 0.7183688879013062, 0.7190167903900146, 0.7175304889678955, 0.7183308005332947, 0.742682933807373, 0.7512957453727722, 0.7631097435951233, 0.7707316875457764, 0.7598704099655151, 0.7690548896789551, 0.7883384227752686, 0.786623477935791, 0.805945098400116, 0.8123094439506531, 0.8411204218864441, 0.8286966681480408, 0.8242759108543396, 0.8448551893234253, 0.8548018336296082, 0.8636432886123657, 0.8850991129875183, 0.8916921019554138, 0.8826219439506531, 0.8929116129875183, 0.9117758870124817, 0.9215701222419739, 0.9133003354072571, 0.9210746884346008, 0.9323170781135559, 0.9172255992889404, 0.9200076460838318, 0.9432164430618286, 0.942378044128418, 0.9475991129875183, 0.9483231902122498, 0.9300686120986938, 0.9440167546272278], "precision": [0.025100134313106537, 0.029677962884306908, 0.033344559371471405, 0.03355557844042778, 0.03311695531010628, 0.032251082360744476, 0.034283850342035294, 0.03482920303940773, 0.036005593836307526, 0.03867471218109131, 0.03659721463918686, 0.037112168967723846, 0.03664568439126015, 0.038768935948610306, 0.03906611353158951, 0.042748916894197464, 0.04021700471639633, 0.04110728204250336, 0.04198567569255829, 0.0440494567155838, 0.04497693106532097, 0.04580054059624672, 0.04592984914779663, 0.04662127047777176, 0.04577742889523506, 0.045888353139162064, 0.04768748581409454, 0.052654050290584564, 0.05509034916758537, 0.05673758685588837, 0.05924396216869354, 0.05748521164059639, 0.058962635695934296, 0.06456585228443146, 0.06609195470809937, 0.07347240298986435, 0.07766622304916382, 0.09064780175685883, 0.08316094428300858, 0.07956159859895706, 0.09487410634756088, 0.09978463500738144, 0.10684516280889511, 0.12481601536273956, 0.13242574036121368, 0.12366675585508347, 0.13260188698768616, 0.16142021119594574, 0.17780476808547974, 0.1626865565776825, 0.17758135497570038, 0.20145851373672485, 0.16803118586540222, 0.1750895380973816, 0.2341640740633011, 0.23013417422771454, 0.24917125701904297, 0.251814603805542, 0.1933751106262207, 0.23520083725452423], "recall": [0.40430107712745667, 0.6051502227783203, 0.6387096643447876, 0.6573875546455383, 0.6431624293327332, 0.6408601999282837, 0.6716418266296387, 0.6695278882980347, 0.6616702079772949, 0.675268828868866, 0.7274678349494934, 0.6688172221183777, 0.6995708346366882, 0.698924720287323, 0.725321888923645, 0.6752136945724487, 0.7333333492279053, 0.7408993244171143, 0.729613721370697, 0.7354838848114014, 0.7548387050628662, 0.7601712942123413, 0.7462365627288818, 0.7639485001564026, 0.7451819777488708, 0.7548387050628662, 0.7815845608711243, 0.7956989407539368, 0.7995736002922058, 0.7896995544433594, 0.8004291653633118, 0.8133047223091125, 0.8043010830879211, 0.8038379549980164, 0.8408602476119995, 0.8450105786323547, 0.8798283338546753, 0.8798283338546753, 0.8645161390304565, 0.8376069068908691, 0.9036402702331543, 0.8967742323875427, 0.9096774458885193, 0.9098712205886841, 0.9184549450874329, 0.9147121906280518, 0.9077253341674805, 0.9483871459960938, 0.9400427937507629, 0.9336188435554504, 0.9484978318214417, 0.9484978318214417, 0.9189765453338623, 0.9442059993743896, 0.9678111672401428, 0.9570815563201904, 0.9657387733459473, 0.9657387733459473, 0.9290322661399841, 0.9528907537460327], "auc": [0.5934730768203735, 0.6721521615982056, 0.716719925403595, 0.7175527215003967, 0.7220576405525208, 0.7176910638809204, 0.7323945164680481, 0.7470430731773376, 0.749823808670044, 0.7580723762512207, 0.7670309543609619, 0.75694739818573, 0.7488030195236206, 0.7644963264465332, 0.7764340043067932, 0.7781046032905579, 0.7891021966934204, 0.7919772267341614, 0.7960624694824219, 0.7981889843940735, 0.8114420175552368, 0.8164364695549011, 0.8219777941703796, 0.8222623467445374, 0.8221511840820312, 0.8205040693283081, 0.8388040065765381, 0.851680338382721, 0.8560600280761719, 0.8558599352836609, 0.861722469329834, 0.8726093173027039, 0.8696886897087097, 0.8854061365127563, 0.9007988572120667, 0.904363214969635, 0.915216326713562, 0.9389280080795288, 0.9307476878166199, 0.9104674458503723, 0.9384722709655762, 0.9478825330734253, 0.9594590663909912, 0.963871955871582, 0.9678199291229248, 0.9685875773429871, 0.9668474793434143, 0.979374885559082, 0.9828582406044006, 0.9787384867668152, 0.9841775298118591, 0.9850798845291138, 0.9781808257102966, 0.982004702091217, 0.9900206923484802, 0.9890254735946655, 0.9906059503555298, 0.9906795620918274, 0.9840971827507019, 0.9907202124595642],