{"loss": [1.0364360809326172, 0.6604713201522827, 0.6770869493484497, 0.6231203675270081, 0.5969016551971436, 0.6092595458030701, 0.603545606136322, 0.5927377939224243, 0.5766258239746094, 0.5956411957740784, 0.5645419359207153, 0.5652815103530884, 0.5879920125007629, 0.5775660276412964, 0.5559857487678528, 0.5467830300331116, 0.5326231718063354, 0.5430962443351746, 0.6156557202339172, 0.553993284702301, 0.5405260920524597, 0.5106006860733032, 0.5141484141349792, 0.5108360052108765, 0.5099291205406189, 0.48933011293411255, 0.47067856788635254, 0.4637416899204254, 0.457479327917099, 0.45185932517051697, 0.43813368678092957, 0.445428729057312, 0.506751537322998, 0.4774443805217743, 0.49200692772865295, 0.5630499720573425, 0.5011520981788635, 0.4213639795780182, 0.399282306432724, 0.37137651443481445, 0.3187721073627472, 0.3331879675388336, 0.34203580021858215, 0.30184999108314514, 0.32790160179138184, 0.35028061270713806, 0.29455694556236267, 0.26680031418800354, 0.26894253492355347, 0.3249770998954773, 0.4762280285358429, 0.4419475793838501, 0.43422678112983704, 0.41630056500434875, 0.2989632487297058, 0.2528991997241974, 0.2552178204059601, 0.2192281186580658, 0.19135360419750214, 0.1904253214597702], "tp": [194.0, 283.0, 298.0, 315.0, 318.0, 317.0, 321.0, 326.0, 320.0, 323.0, 329.0, 323.0, 340.0, 325.0, 334.0, 339.0, 338.0, 347.0, 317.0, 334.0, 348.0, 351.0, 352.0, 358.0, 358.0, 374.0, 375.0, 372.0, 378.0, 381.0, 387.0, 381.0, 365.0, 377.0, 365.0, 356.0, 376.0, 379.0, 390.0, 410.0, 426.0, 412.0, 391.0, 413.0, 406.0, 398.0, 413.0, 421.0, 415.0, 409.0, 380.0, 402.0, 393.0, 391.0, 416.0, 428.0, 429.0, 433.0, 432.0, 439.0], "fp": [7153.0, 8974.0, 9021.0, 8606.0, 9017.0, 7943.0, 8863.0, 8468.0, 8184.0, 8017.0, 8405.0, 7898.0, 8202.0, 8008.0, 7604.0, 7837.0, 7083.0, 7482.0, 7439.0, 7295.0, 7026.0, 7162.0, 7166.0, 6576.0, 7037.0, 6632.0, 6236.0, 6288.0, 6053.0, 5930.0, 5739.0, 5383.0, 5669.0, 5836.0, 5528.0, 6549.0, 6118.0, 5607.0, 5219.0, 4854.0, 4275.0, 4107.0, 4187.0, 3782.0, 4123.0, 4194.0, 3955.0, 3176.0, 3430.0, 3564.0, 4658.0, 4251.0, 4408.0, 5007.0, 4071.0, 3285.0, 3371.0, 2881.0, 2318.0, 2429.0], "tn": [18621.0, 16801.0, 16751.0, 17167.0, 16755.0, 17828.0, 16911.0, 17306.0, 17590.0, 17757.0, 17370.0, 17875.0, 17572.0, 17765.0, 18169.0, 17937.0, 18692.0, 18292.0, 18334.0, 18480.0, 18748.0, 18611.0, 18609.0, 19195.0, 18735.0, 19143.0, 19538.0, 19484.0, 19721.0, 19840.0, 20035.0, 20390.0, 20102.0, 19937.0, 20245.0, 19225.0, 19657.0, 20164.0, 20555.0, 20920.0, 21498.0, 21667.0, 21587.0, 21991.0, 21652.0, 21579.0, 21818.0, 22596.0, 22342.0, 22209.0, 21116.0, 21520.0, 21366.0, 20768.0, 21703.0, 22487.0, 22403.0, 22893.0, 23454.0, 23341.0], "fn": [272.0, 182.0, 170.0, 152.0, 150.0, 152.0, 145.0, 140.0, 146.0, 143.0, 136.0, 144.0, 126.0, 142.0, 133.0, 127.0, 127.0, 119.0, 150.0, 131.0, 118.0, 116.0, 113.0, 111.0, 110.0, 91.0, 91.0, 96.0, 88.0, 89.0, 79.0, 86.0, 104.0, 90.0, 102.0, 110.0, 89.0, 90.0, 76.0, 56.0, 41.0, 54.0, 75.0, 54.0, 59.0, 69.0, 54.0, 47.0, 53.0, 58.0, 86.0, 67.0, 73.0, 74.0, 50.0, 40.0, 37.0, 33.0, 36.0, 31.0], "accuracy": [0.7170350551605225, 0.6510670781135559, 0.6497332453727722, 0.6662347316741943, 0.6506478786468506, 0.6915014982223511, 0.6567073464393616, 0.6719512343406677, 0.6825457215309143, 0.6890243887901306, 0.6745045781135559, 0.6935213208198547, 0.682621955871582, 0.6894055008888245, 0.7051448225975037, 0.696493923664093, 0.7252286672592163, 0.7103277444839478, 0.7107850909233093, 0.716996967792511, 0.727743923664093, 0.7226371765136719, 0.7225990891456604, 0.7451600432395935, 0.7276296019554138, 0.7437881231307983, 0.7588796019554138, 0.7567073106765747, 0.7659679651260376, 0.7706173658370972, 0.7782774567604065, 0.7915777564048767, 0.779992401599884, 0.7741615772247314, 0.785442054271698, 0.7462271451950073, 0.7634527683258057, 0.7828887104988098, 0.7982088327407837, 0.8128811120986938, 0.8355183005332947, 0.8414252996444702, 0.8375762104988098, 0.8538109660148621, 0.840624988079071, 0.8375381231307983, 0.8472179770469666, 0.8771722316741943, 0.8672637343406677, 0.8619664907455444, 0.8192073106765747, 0.835442066192627, 0.8292301893234253, 0.8063643574714661, 0.8429496884346008, 0.8732850551605225, 0.870121955871582, 0.8889481425285339, 0.9102896451950073, 0.90625], "precision": [0.02640533447265625, 0.030571460723876953, 0.03197767958045006, 0.03530994430184364, 0.03406534716486931, 0.03837772458791733, 0.03495208919048309, 0.037070732563734055, 0.037629351019859314, 0.038729019463062286, 0.03766888007521629, 0.039289623498916626, 0.03980332612991333, 0.03900155797600746, 0.04207609221339226, 0.041462816298007965, 0.04554642364382744, 0.04432239383459091, 0.04087158292531967, 0.043780311942100525, 0.04719284176826477, 0.0467190220952034, 0.04682096093893051, 0.051629651337862015, 0.048411089926958084, 0.05338281765580177, 0.05672364681959152, 0.055855851620435715, 0.05877779796719551, 0.060370780527591705, 0.06317336112260818, 0.06609992682933807, 0.060490552335977554, 0.06067921593785286, 0.06193789467215538, 0.05155684053897858, 0.0578995980322361, 0.06331440061330795, 0.06953111290931702, 0.07788754254579544, 0.09061902016401291, 0.09117061644792557, 0.08540847152471542, 0.09845054149627686, 0.08964451402425766, 0.08667246997356415, 0.09455128014087677, 0.11704197525978088, 0.10793236643075943, 0.10294488072395325, 0.07542675733566284, 0.08639586716890335, 0.08185794949531555, 0.07243423163890839, 0.09271227568387985, 0.11527066677808762, 0.11289474368095398, 0.13065782189369202, 0.1570909023284912, 0.15306833386421204], "recall": [0.4163089990615845, 0.6086021661758423, 0.636752188205719, 0.6745181679725647, 0.6794872283935547, 0.6759061813354492, 0.6888412237167358, 0.6995708346366882, 0.6866952776908875, 0.6931330561637878, 0.7075269222259521, 0.6916488409042358, 0.729613721370697, 0.6959314942359924, 0.7152034044265747, 0.7274678349494934, 0.726881742477417, 0.7446351647377014, 0.6788008213043213, 0.7182796001434326, 0.7467811107635498, 0.7516059875488281, 0.7569892406463623, 0.7633262276649475, 0.7649573087692261, 0.8043010830879211, 0.8047210574150085, 0.7948718070983887, 0.8111587762832642, 0.8106382489204407, 0.8304721117019653, 0.815845787525177, 0.778251588344574, 0.8072804808616638, 0.7815845608711243, 0.7639485001564026, 0.8086021542549133, 0.8081023693084717, 0.8369098901748657, 0.8798283338546753, 0.9122055768966675, 0.8841201663017273, 0.8390557765960693, 0.8843683004379272, 0.8731182813644409, 0.8522483706474304, 0.8843683004379272, 0.8995726704597473, 0.886752188205719, 0.8758029937744141, 0.8154506683349609, 0.8571428656578064, 0.8433476090431213, 0.8408602476119995, 0.8927038908004761, 0.9145299792289734, 0.9206008315086365, 0.9291845560073853, 0.9230769872665405, 0.9340425133705139], "auc": [0.6133731603622437, 0.6888720393180847, 0.6964417695999146, 0.7393903136253357, 0.7416929602622986, 0.7532950639724731, 0.7412286996841431, 0.752704918384552, 0.7649149298667908, 0.763608992099762, 0.769323468208313, 0.773387610912323, 0.7702335715293884, 0.7718568444252014, 0.7896466255187988, 0.7923133969306946, 0.8033927083015442, 0.8052158951759338, 0.7655977606773376, 0.7984575629234314, 0.805428147315979, 0.8225314617156982, 0.8209429979324341, 0.829143226146698, 0.8282142877578735, 0.8459720015525818, 0.8562345504760742, 0.8602668046951294, 0.8655201196670532, 0.8706380128860474, 0.8787021040916443, 0.8808578848838806, 0.8566415905952454, 0.8633003830909729, 0.8609800338745117, 0.8279101252555847, 0.8532038927078247, 0.887783944606781, 0.8984686732292175, 0.9146662354469299, 0.9377853870391846, 0.9312891960144043, 0.9271888732910156, 0.943455696105957, 0.933366060256958, 0.9272336363792419, 0.9462865591049194, 0.9568064212799072, 0.9548456072807312, 0.9420387744903564, 0.8928631544113159, 0.9150917530059814, 0.9079194068908691, 0.9019952416419983, 0.9455347061157227, 0.9615248441696167, 0.9601728916168213, 0.970879852771759, 0.977849006652832, 0.9778286814689636],