{"loss": [1.0137145519256592, 0.6841908693313599, 0.6346192359924316, 0.6422529816627502, 0.6153067946434021, 0.598704993724823, 0.5821169018745422, 0.5725586414337158, 0.5696889162063599, 0.5606192350387573, 0.630175769329071, 0.5986303091049194, 0.5989857912063599, 0.5599517226219177, 0.5504302978515625, 0.5378425121307373, 0.587803840637207, 0.5527832508087158, 0.5524470210075378, 0.5388987064361572, 0.5239330530166626, 0.5206671357154846, 0.5055904388427734, 0.5238726139068604, 0.5780578851699829, 0.5736435055732727, 0.5397264957427979, 0.5222537517547607, 0.5288270711898804, 0.520132839679718, 0.5061914324760437, 0.4869118630886078, 0.48831045627593994, 0.45667943358421326, 0.4556983411312103, 0.44981175661087036, 0.48420780897140503, 0.5124590396881104, 0.4490410089492798, 0.4059475064277649, 0.3917086124420166, 0.3845590054988861, 0.343183308839798, 0.3593032956123352, 0.33445748686790466, 0.39649391174316406, 0.339852899312973, 0.3079262971878052, 0.2814524173736572, 0.24668870866298676, 0.2643984258174896, 0.23662687838077545, 0.23377685248851776, 0.23530182242393494, 0.22864268720149994, 0.22231703996658325, 0.19728700816631317, 0.19397035241127014, 0.1922750473022461, 0.23112939298152924], "tp": [201.0, 270.0, 302.0, 285.0, 298.0, 316.0, 315.0, 331.0, 324.0, 334.0, 308.0, 317.0, 312.0, 340.0, 339.0, 346.0, 331.0, 351.0, 336.0, 348.0, 362.0, 344.0, 360.0, 355.0, 332.0, 337.0, 347.0, 361.0, 361.0, 362.0, 373.0, 374.0, 365.0, 369.0, 380.0, 380.0, 366.0, 376.0, 374.0, 398.0, 398.0, 402.0, 411.0, 404.0, 420.0, 390.0, 410.0, 413.0, 418.0, 432.0, 419.0, 426.0, 432.0, 430.0, 413.0, 428.0, 438.0, 433.0, 434.0, 429.0], "fp": [7210.0, 8638.0, 8237.0, 8215.0, 8458.0, 8592.0, 8444.0, 8191.0, 8332.0, 8358.0, 8063.0, 8242.0, 8225.0, 8295.0, 7872.0, 7935.0, 8401.0, 7978.0, 7968.0, 7767.0, 7787.0, 7582.0, 7674.0, 7512.0, 7275.0, 8233.0, 7708.0, 7634.0, 7679.0, 7426.0, 7394.0, 6768.0, 6846.0, 6383.0, 6292.0, 5973.0, 6279.0, 6093.0, 5955.0, 5857.0, 5121.0, 5248.0, 4858.0, 4857.0, 4193.0, 5096.0, 4377.0, 4176.0, 3532.0, 3296.0, 3441.0, 3020.0, 2978.0, 2989.0, 3015.0, 2941.0, 2674.0, 2454.0, 2447.0, 2918.0], "tn": [18565.0, 17136.0, 17538.0, 17559.0, 17316.0, 17183.0, 17329.0, 17582.0, 17442.0, 17415.0, 17712.0, 17530.0, 17550.0, 17480.0, 17903.0, 17839.0, 17374.0, 17796.0, 17806.0, 18007.0, 17985.0, 18192.0, 18099.0, 18262.0, 18499.0, 17542.0, 18067.0, 18140.0, 18095.0, 18349.0, 18380.0, 19007.0, 18927.0, 19392.0, 19482.0, 19802.0, 19494.0, 19680.0, 19818.0, 19916.0, 20654.0, 20526.0, 20916.0, 20916.0, 21579.0, 20678.0, 21395.0, 21599.0, 22243.0, 22478.0, 22334.0, 22755.0, 22796.0, 22785.0, 22758.0, 22834.0, 23099.0, 23320.0, 23328.0, 22856.0], "fn": [264.0, 196.0, 163.0, 181.0, 168.0, 149.0, 152.0, 136.0, 142.0, 133.0, 157.0, 151.0, 153.0, 125.0, 126.0, 120.0, 134.0, 115.0, 130.0, 118.0, 106.0, 122.0, 107.0, 111.0, 134.0, 128.0, 118.0, 105.0, 105.0, 103.0, 93.0, 91.0, 102.0, 96.0, 86.0, 85.0, 101.0, 91.0, 93.0, 69.0, 67.0, 64.0, 55.0, 63.0, 48.0, 76.0, 58.0, 52.0, 47.0, 34.0, 46.0, 39.0, 34.0, 36.0, 54.0, 37.0, 29.0, 33.0, 31.0, 37.0], "accuracy": [0.7151677012443542, 0.6633384227752686, 0.6798780560493469, 0.6800304651260376, 0.6712652444839478, 0.6668826341629028, 0.6724085211753845, 0.6826600432395935, 0.6770579218864441, 0.6764100790023804, 0.6867377758026123, 0.6801448464393616, 0.6807164549827576, 0.6791158318519592, 0.6951981782913208, 0.6930258870124817, 0.6747332215309143, 0.6915777325630188, 0.6913871765136719, 0.699504554271698, 0.6991996765136719, 0.7064024209976196, 0.7034679651260376, 0.7094893455505371, 0.7176448106765747, 0.6813643574714661, 0.7017530202865601, 0.7050685882568359, 0.7033536434173584, 0.7130716443061829, 0.7146722674369812, 0.7386052012443542, 0.7352133989334106, 0.7530868649482727, 0.7569359540939331, 0.7691311240196228, 0.7568597793579102, 0.7643292546272278, 0.7695121765136719, 0.7741615772247314, 0.8022865653038025, 0.79756098985672, 0.8127667903900146, 0.8125, 0.838376522064209, 0.8028963208198547, 0.8309832215309143, 0.838871955871582, 0.8636052012443542, 0.8730944991111755, 0.8671112656593323, 0.8834222555160522, 0.8852134346961975, 0.8847180008888245, 0.8830411434173584, 0.886509120464325, 0.8969893455505371, 0.9052210450172424, 0.90556401014328, 0.8873856663703918], "precision": [0.02712184563279152, 0.030309833586215973, 0.03536713868379593, 0.033529412001371384, 0.03403380513191223, 0.03547373041510582, 0.03596301004290581, 0.0388406477868557, 0.03743068501353264, 0.03842613846063614, 0.03679369390010834, 0.03703703731298447, 0.03654679283499718, 0.039374638348817825, 0.041286081075668335, 0.04178239405155182, 0.037906549870967865, 0.04214191436767578, 0.040462426841259, 0.04288354888558388, 0.04442262649536133, 0.043401461094617844, 0.044809553772211075, 0.04512520506978035, 0.0436440110206604, 0.039323218166828156, 0.04307883232831955, 0.04515322297811508, 0.04490049555897713, 0.04648176580667496, 0.04802369326353073, 0.05236628279089928, 0.05061710998415947, 0.05465047061443329, 0.056954432278871536, 0.05981425940990448, 0.055079009383916855, 0.058123357594013214, 0.059093065559864044, 0.06362909823656082, 0.07211451232433319, 0.07115044444799423, 0.0780034214258194, 0.07679148763418198, 0.09104703366756439, 0.07109004259109497, 0.08564863353967667, 0.08999782800674438, 0.10582278668880463, 0.11587982624769211, 0.10854921489953995, 0.12362159043550491, 0.1266862154006958, 0.1257677674293518, 0.12047841399908066, 0.12704066932201385, 0.14074550569057465, 0.14998267590999603, 0.15064214169979095, 0.12817448377609253], "recall": [0.43225806951522827, 0.5793991684913635, 0.6494624018669128, 0.6115880012512207, 0.6394850015640259, 0.6795699000358582, 0.6745181679725647, 0.7087794542312622, 0.6952789425849915, 0.7152034044265747, 0.6623656153678894, 0.6773504614830017, 0.6709677577018738, 0.7311828136444092, 0.7290322780609131, 0.7424892783164978, 0.7118279933929443, 0.7532188892364502, 0.721030056476593, 0.7467811107635498, 0.7735043168067932, 0.7381974458694458, 0.7708779573440552, 0.7618025541305542, 0.7124463319778442, 0.7247312068939209, 0.7462365627288818, 0.774678111076355, 0.774678111076355, 0.778494656085968, 0.8004291653633118, 0.8043010830879211, 0.7815845608711243, 0.7935484051704407, 0.8154506683349609, 0.8172042965888977, 0.783725917339325, 0.8051391839981079, 0.8008565306663513, 0.8522483706474304, 0.8559139966964722, 0.8626609444618225, 0.8819742202758789, 0.8650963306427002, 0.8974359631538391, 0.8369098901748657, 0.8760684132575989, 0.8881720900535583, 0.8989247679710388, 0.9270386099815369, 0.9010753035545349, 0.9161290526390076, 0.9270386099815369, 0.9227467775344849, 0.8843683004379272, 0.9204301238059998, 0.937901496887207, 0.9291845560073853, 0.9333333373069763, 0.9206008315086365], "auc": [0.6079305410385132, 0.6868741512298584, 0.731421172618866, 0.716282308101654, 0.7269172072410583, 0.7482884526252747, 0.7590836882591248, 0.7713742852210999, 0.7682591080665588, 0.7760063409805298, 0.7470349669456482, 0.7558596134185791, 0.7573363184928894, 0.7801122665405273, 0.7869588732719421, 0.7974583506584167, 0.7713432312011719, 0.7867558002471924, 0.7861822247505188, 0.7989106178283691, 0.8090732097625732, 0.812505304813385, 0.822420597076416, 0.8130441904067993, 0.7841746211051941, 0.7772855162620544, 0.796903133392334, 0.813802182674408, 0.8116493821144104, 0.8198927640914917, 0.8256382346153259, 0.843820333480835, 0.8404321670532227, 0.8617218732833862, 0.863796591758728, 0.8713976740837097, 0.847500205039978, 0.857643187046051, 0.8708400130271912, 0.8922585248947144, 0.902116060256958, 0.9052039980888367, 0.924736738204956, 0.9167504906654358, 0.9343759417533875, 0.9015503525733948, 0.9274433851242065, 0.9403225779533386, 0.9510725140571594, 0.9621827602386475, 0.9559034109115601, 0.9652670621871948, 0.965556263923645, 0.9660638570785522, 0.9664991497993469, 0.9684489369392395, 0.9753658175468445, 0.9767242074012756, 0.9763834476470947, 0.9663417935371399],