{"loss": [1.0641567707061768, 0.699429988861084, 0.6513288021087646, 0.6383771300315857, 0.606257975101471, 0.5914407968521118, 0.5785381197929382, 0.5592955350875854, 0.6077423691749573, 0.5580612421035767, 0.5666043162345886, 0.5531663298606873, 0.5412421822547913, 0.5468730926513672, 0.5334627032279968, 0.542799174785614, 0.5620940923690796, 0.5422313213348389, 0.5604588389396667, 0.6178587675094604], "tp": [189.0, 278.0, 292.0, 303.0, 297.0, 323.0, 340.0, 325.0, 320.0, 333.0, 329.0, 339.0, 333.0, 329.0, 328.0, 342.0, 335.0, 340.0, 331.0, 315.0], "fp": [5360.0, 8884.0, 8615.0, 8861.0, 8234.0, 9216.0, 8733.0, 8039.0, 8118.0, 8174.0, 8262.0, 8104.0, 7996.0, 7814.0, 7437.0, 7448.0, 7614.0, 7463.0, 7213.0, 7985.0], "tn": [20415.0, 16891.0, 17159.0, 16912.0, 17539.0, 16557.0, 17038.0, 17736.0, 17655.0, 17601.0, 17512.0, 17670.0, 17779.0, 17960.0, 18337.0, 18323.0, 18159.0, 18312.0, 18562.0, 17790.0], "fn": [276.0, 187.0, 174.0, 164.0, 170.0, 144.0, 129.0, 140.0, 147.0, 132.0, 137.0, 127.0, 132.0, 137.0, 138.0, 127.0, 132.0, 125.0, 134.0, 150.0], "accuracy": [0.7852134108543396, 0.6543064117431641, 0.6650533676147461, 0.6560594439506531, 0.6797255873680115, 0.6432926654815674, 0.6622713208198547, 0.6883003115653992, 0.6850228905677795, 0.6834603548049927, 0.6799161434173584, 0.686318576335907, 0.6902438998222351, 0.6969893574714661, 0.7113186120986938, 0.7113186120986938, 0.7048018574714661, 0.7108231782913208, 0.720007598400116, 0.6899771094322205], "precision": [0.03406019136309624, 0.030342722311615944, 0.032783202826976776, 0.033064164221286774, 0.03481420874595642, 0.03386099264025688, 0.03747382014989853, 0.038857005536556244, 0.037923675030469894, 0.03914423659443855, 0.038295891135931015, 0.040151603519916534, 0.03998079150915146, 0.04040279984474182, 0.04224082827568054, 0.043902438133955, 0.04214366525411606, 0.043572984635829926, 0.04387592896819115, 0.03795180469751358], "recall": [0.40645161271095276, 0.5978494882583618, 0.6266094446182251, 0.6488222479820251, 0.6359742879867554, 0.6916488409042358, 0.7249467372894287, 0.698924720287323, 0.6852248311042786, 0.7161290645599365, 0.7060085535049438, 0.7274678349494934, 0.7161290645599365, 0.7060085535049438, 0.7038626670837402, 0.7292110919952393, 0.7173447608947754, 0.7311828136444092, 0.7118279933929443, 0.6774193644523621], "auc": [0.6368873715400696, 0.6836475133895874, 0.7056195139884949, 0.720394492149353, 0.7376257181167603, 0.7498628497123718, 0.7648655772209167, 0.7793766260147095, 0.7498769164085388, 0.7813274264335632, 0.7716221809387207, 0.7841150164604187, 0.7919858694076538, 0.7873421907424927, 0.7968341708183289, 0.798586368560791, 0.796311616897583, 0.7989097833633423, 0.7978752255439758, 0.7499127388000488], "val_loss": [1.620377540588379, 0.6537705063819885, 0.5205106735229492, 0.09289150685071945, 0.9495216012001038, 0.6438950896263123, 0.9756819605827332, 0.2025260329246521, 1.483581781387329, 0.5648747086524963, 0.5030534863471985, 0.7091445326805115, 0.10877397656440735, 0.13383212685585022, 0.758001983165741, 0.6183790564537048, 0.5581050515174866, 0.75089031457901, 0.5729531645774841, 0.5721646547317505], "val_tp": [107.0, 77.0, 54.0, 0.0, 109.0, 74.0, 115.0, 6.0, 120.0, 60.0, 52.0, 92.0, 0.0, 3.0, 90.0, 64.0, 61.0, 84.0, 65.0, 70.0], "val_fp": [4813.0, 2270.0, 1194.0, 0.0, 4665.0, 1993.0, 5715.0, 61.0, 6600.0, 1562.0, 971.0, 2555.0, 2.0, 134.0, 2642.0, 1704.0, 1574.0, 2576.0, 1570.0, 1695.0], "val_tn": [1787.0, 4330.0, 5406.0, 6600.0, 1935.0, 4607.0, 885.0, 6539.0, 0.0, 5038.0, 5629.0, 4045.0, 6598.0, 6466.0, 3958.0, 4896.0, 5026.0, 4024.0, 5030.0, 4905.0], "val_fn": [13.0, 43.0, 66.0, 120.0, 11.0, 46.0, 5.0, 114.0, 0.0, 60.0, 68.0, 28.0, 120.0, 117.0, 30.0, 56.0, 59.0, 36.0, 55.0, 50.0], "val_accuracy": [0.28184521198272705, 0.6558035612106323, 0.8124999403953552, 0.9821428060531616, 0.30416664481163025, 0.6965773105621338, 0.1488095223903656, 0.9739582538604736, 0.0178571417927742, 0.7586309313774109, 0.8453868627548218, 0.6156249642372131, 0.9818452000617981, 0.9626487493515015, 0.6023809313774109, 0.7380951642990112, 0.7569940090179443, 0.6113094687461853, 0.7581844925880432, 0.7403273582458496], "val_precision": [0.02174796722829342, 0.032807838171720505, 0.04326923191547394, 0.0, 0.022832006216049194, 0.03580067679286003, 0.019725557416677475, 0.08955223858356476, 0.0178571417927742, 0.03699136897921562, 0.050830889493227005, 0.03475632891058922, 0.0, 0.021897809579968452, 0.03294289857149124, 0.036199092864990234, 0.037308868020772934, 0.031578946858644485, 0.03975535184144974, 0.03966005519032478], "val_recall": [0.8916667103767395, 0.6416667103767395, 0.45000001788139343, 0.0, 0.9083333611488342, 0.6166666746139526, 0.9583333730697632, 0.05000000447034836, 1.0, 0.5, 0.4333333671092987, 0.7666667103767395, 0.0, 0.02500000223517418, 0.7500000596046448, 0.5333333611488342, 0.5083333849906921, 0.7000000476837158, 0.5416666865348816, 0.5833333730697632], "val_auc": [0.6989620923995972, 0.7030463218688965, 0.717596709728241, 0.7377418875694275, 0.7241964340209961, 0.7320278286933899, 0.6974716186523438, 0.6736874580383301, 0.6860506534576416, 0.7072834968566895, 0.7511420249938965, 0.759495735168457, 0.528013288974762, 0.7181059718132019, 0.7270235419273376, 0.6948694586753845, 0.6917442679405212, 0.7184078097343445, 0.7263268828392029, 0.7450197339057922]}