{"loss": [0.9680020809173584, 0.6954709887504578, 0.6681787371635437, 0.6398794651031494, 0.6102591753005981, 0.6414000988006592, 0.5918908715248108, 0.5881658792495728, 0.5776562094688416, 0.5640251636505127, 0.565615713596344, 0.5748583078384399, 0.5710776448249817, 0.5534207820892334, 0.580361545085907, 0.5672855973243713, 0.5789527297019958, 0.5469934940338135, 0.5695276260375977, 0.5382086038589478], "tp": [200.0, 276.0, 298.0, 308.0, 326.0, 303.0, 323.0, 308.0, 329.0, 330.0, 343.0, 321.0, 325.0, 333.0, 323.0, 324.0, 320.0, 343.0, 335.0, 326.0], "fp": [7298.0, 8961.0, 9103.0, 8688.0, 8968.0, 8501.0, 8388.0, 8177.0, 8846.0, 8145.0, 8480.0, 8102.0, 7674.0, 7828.0, 7751.0, 7850.0, 8046.0, 8240.0, 8134.0, 7328.0], "tn": [18477.0, 16813.0, 16672.0, 17085.0, 16804.0, 17274.0, 17383.0, 17597.0, 16927.0, 17630.0, 17294.0, 17673.0, 18100.0, 17947.0, 18023.0, 17922.0, 17729.0, 17533.0, 17640.0, 18447.0], "fn": [265.0, 190.0, 167.0, 159.0, 142.0, 162.0, 146.0, 158.0, 138.0, 135.0, 123.0, 144.0, 141.0, 132.0, 143.0, 144.0, 145.0, 124.0, 131.0, 139.0], "accuracy": [0.7117758989334106, 0.6512576341629028, 0.6467225551605225, 0.6628429889678955, 0.6528201103210449, 0.6698551774024963, 0.6747713685035706, 0.6823551654815674, 0.6576219797134399, 0.6844512224197388, 0.6721417903900146, 0.685746967792511, 0.7021722793579102, 0.6966463327407837, 0.6991615891456604, 0.6953505873680115, 0.6878429651260376, 0.6812499761581421, 0.6850228905677795, 0.7154344320297241], "precision": [0.026673780754208565, 0.02987983264029026, 0.03169875591993332, 0.034237440675497055, 0.03507639467716217, 0.03441617265343666, 0.03707955777645111, 0.03629935160279274, 0.035858310759067535, 0.03893805295228958, 0.03887566551566124, 0.03810993582010269, 0.04063007980585098, 0.04080382362008095, 0.04000495374202728, 0.03963787853717804, 0.03825005888938904, 0.03996271640062332, 0.039556026458740234, 0.042592111974954605], "recall": [0.4301075339317322, 0.5922746658325195, 0.6408601999282837, 0.659528911113739, 0.696581244468689, 0.6516129374504089, 0.6886993646621704, 0.6609442234039307, 0.7044968008995056, 0.7096774578094482, 0.7360514998435974, 0.6903225779533386, 0.6974248886108398, 0.7161290645599365, 0.6931330561637878, 0.692307710647583, 0.6881720423698425, 0.7344753742218018, 0.7188841104507446, 0.7010752558708191], "auc": [0.605259120464325, 0.6739272475242615, 0.6993879675865173, 0.7226724624633789, 0.7425694465637207, 0.7277222871780396, 0.7506910562515259, 0.7537238001823425, 0.762037456035614, 0.7720310688018799, 0.7792901992797852, 0.769058346748352, 0.7804783582687378, 0.7875334620475769, 0.7755905985832214, 0.7778242230415344, 0.7636357545852661, 0.7877187728881836, 0.7832908034324646, 0.7984749674797058], "val_loss": [0.7867684960365295, 0.4898850917816162, 0.5074464678764343, 1.6207162141799927, 0.6918304562568665, 0.4068285822868347, 1.2066627740859985, 0.4826376140117645, 0.4459322392940521, 0.3305577337741852, 0.5205420851707458, 0.6690818071365356, 0.30735528469085693, 0.5568785071372986, 0.559276282787323, 0.5365869998931885, 0.18399839103221893, 0.5847719311714172, 0.12059734016656876, 0.4225256145000458], "val_tp": [85.0, 60.0, 56.0, 120.0, 91.0, 74.0, 119.0, 84.0, 62.0, 52.0, 48.0, 79.0, 69.0, 76.0, 67.0, 73.0, 12.0, 76.0, 14.0, 60.0], "val_fp": [3080.0, 1202.0, 1101.0, 6600.0, 2311.0, 1783.0, 6552.0, 1453.0, 809.0, 463.0, 1202.0, 2050.0, 949.0, 1425.0, 1379.0, 1202.0, 76.0, 1500.0, 111.0, 720.0], "val_tn": [3520.0, 5398.0, 5499.0, 0.0, 4289.0, 4817.0, 48.0, 5147.0, 5791.0, 6137.0, 5398.0, 4550.0, 5651.0, 5175.0, 5221.0, 5398.0, 6524.0, 5100.0, 6489.0, 5880.0], "val_fn": [35.0, 60.0, 64.0, 0.0, 29.0, 46.0, 1.0, 36.0, 58.0, 68.0, 72.0, 41.0, 51.0, 44.0, 53.0, 47.0, 108.0, 44.0, 106.0, 60.0], "val_accuracy": [0.5364583134651184, 0.8122023344039917, 0.8266368508338928, 0.0178571417927742, 0.651785671710968, 0.7278273105621338, 0.02485118806362152, 0.7784225940704346, 0.8709821105003357, 0.9209820628166199, 0.8104166388511658, 0.6888392567634583, 0.851190447807312, 0.7813987731933594, 0.7869046926498413, 0.8141368627548218, 0.9726189970970154, 0.7702380418777466, 0.9677082896232605, 0.8839285373687744], "val_precision": [0.02685623988509178, 0.04754358157515526, 0.048401035368442535, 0.0178571417927742, 0.03788509592413902, 0.03984922170639038, 0.017838403582572937, 0.05465191975235939, 0.07118254899978638, 0.10097087919712067, 0.03839999809861183, 0.03710662201046944, 0.06777996569871902, 0.050632912665605545, 0.04633471742272377, 0.05725489929318428, 0.13636364042758942, 0.0482233501970768, 0.1120000034570694, 0.07692307978868484], "val_recall": [0.7083333730697632, 0.5, 0.46666669845581055, 1.0, 0.7583333849906921, 0.6166666746139526, 0.9916667342185974, 0.7000000476837158, 0.5166667103767395, 0.4333333671092987, 0.40000003576278687, 0.6583333611488342, 0.5750000476837158, 0.6333333849906921, 0.5583333373069763, 0.6083333492279053, 0.10000000894069672, 0.6333333849906921, 0.11666667461395264, 0.5], "val_auc": [0.7061343193054199, 0.707452118396759, 0.7095322608947754, 0.7082587480545044, 0.7717227935791016, 0.785542368888855, 0.7288252115249634, 0.8063061833381653, 0.792648434638977, 0.7797732949256897, 0.6543188095092773, 0.7039900422096252, 0.787404477596283, 0.7594426274299622, 0.6906675100326538, 0.7497682571411133, 0.7042738795280457, 0.7354633808135986, 0.7604172229766846, 0.7803505659103394]}