{"loss": [0.9802600145339966, 0.6996146440505981, 0.6712926626205444, 0.6381139755249023, 0.639840841293335, 0.5985282063484192, 0.5886707901954651, 0.6012831330299377, 0.5905728936195374, 0.5688103437423706, 0.5906717777252197, 0.5844455361366272, 0.6284301280975342, 0.5967977643013, 0.5798850655555725, 0.5656166076660156, 0.5531957745552063, 0.5429067611694336, 0.5434675216674805, 0.5558456778526306], "tp": [205.0, 260.0, 283.0, 307.0, 301.0, 318.0, 325.0, 319.0, 321.0, 328.0, 320.0, 331.0, 319.0, 330.0, 333.0, 332.0, 330.0, 336.0, 336.0, 334.0], "fp": [7917.0, 8747.0, 8823.0, 9078.0, 8590.0, 8151.0, 8319.0, 7935.0, 8562.0, 8042.0, 8069.0, 8252.0, 8205.0, 8341.0, 8757.0, 7786.0, 7325.0, 7980.0, 7236.0, 8045.0], "tn": [17857.0, 17028.0, 16949.0, 16695.0, 17182.0, 17620.0, 17455.0, 17839.0, 17212.0, 17732.0, 17706.0, 17521.0, 17569.0, 17432.0, 17016.0, 17988.0, 18450.0, 17794.0, 18537.0, 17730.0], "fn": [261.0, 205.0, 185.0, 160.0, 167.0, 151.0, 141.0, 147.0, 145.0, 138.0, 145.0, 136.0, 147.0, 137.0, 134.0, 134.0, 135.0, 130.0, 131.0, 131.0], "accuracy": [0.6883383989334106, 0.6588414907455444, 0.6567073464393616, 0.647942066192627, 0.6662728786468506, 0.6836128234863281, 0.6775914430618286, 0.6919969320297241, 0.668178379535675, 0.6882622241973877, 0.6869664788246155, 0.6803353428840637, 0.6817073225975037, 0.6769055128097534, 0.6611661314964294, 0.6981707215309143, 0.7157012224197388, 0.6909298896789551, 0.719245433807373, 0.6884146332740784], "precision": [0.025240089744329453, 0.028866438195109367, 0.031078409403562546, 0.03271177411079407, 0.03385445848107338, 0.03754870593547821, 0.03759833425283432, 0.03864792734384537, 0.0361364409327507, 0.03918757662177086, 0.038145191967487335, 0.03856460377573967, 0.037423744797706604, 0.03805789351463318, 0.03663366287946701, 0.04089677333831787, 0.04310908168554306, 0.04040404036641121, 0.0443740077316761, 0.03986155986785889], "recall": [0.43991416692733765, 0.5591397881507874, 0.6047008633613586, 0.6573875546455383, 0.6431624293327332, 0.6780384182929993, 0.6974248886108398, 0.6845493316650391, 0.6888412237167358, 0.7038626670837402, 0.6881720423698425, 0.7087794542312622, 0.6845493316650391, 0.7066380977630615, 0.7130621075630188, 0.7124463319778442, 0.7096774578094482, 0.721030056476593, 0.7194860577583313, 0.7182796001434326], "auc": [0.5992466807365417, 0.6706609725952148, 0.6872029304504395, 0.722117006778717, 0.7168210744857788, 0.7519274950027466, 0.7604848742485046, 0.7571346759796143, 0.761946976184845, 0.7709370851516724, 0.7621088624000549, 0.7692534923553467, 0.7455249428749084, 0.7552677392959595, 0.7680180668830872, 0.7812135219573975, 0.7907506227493286, 0.7890937924385071, 0.7996864318847656, 0.781317412853241], "val_loss": [0.6424235105514526, 0.8299689888954163, 0.6509726643562317, 0.5711477994918823, 0.7882872223854065, 0.6128064393997192, 0.32307589054107666, 0.4967419505119324, 0.08650806546211243, 0.6364426016807556, 0.5368771553039551, 0.5227127075195312, 0.6289810538291931, 0.20997418463230133, 0.2317633181810379, 0.6714468598365784, 0.9318783283233643, 0.6724910736083984, 0.8865439295768738, 0.5008131861686707], "val_tp": [68.0, 86.0, 71.0, 62.0, 87.0, 69.0, 36.0, 71.0, 0.0, 82.0, 74.0, 70.0, 83.0, 0.0, 0.0, 80.0, 105.0, 72.0, 98.0, 63.0], "val_fp": [2191.0, 2939.0, 2036.0, 1490.0, 3220.0, 1841.0, 260.0, 1309.0, 0.0, 1986.0, 1451.0, 1357.0, 2013.0, 0.0, 1.0, 2227.0, 4835.0, 2196.0, 4434.0, 1168.0], "val_tn": [4412.0, 3664.0, 4567.0, 5113.0, 3383.0, 4762.0, 6343.0, 5294.0, 6603.0, 4617.0, 5152.0, 5246.0, 4590.0, 6603.0, 6602.0, 4376.0, 1768.0, 4407.0, 2169.0, 5435.0], "val_fn": [49.0, 31.0, 46.0, 55.0, 30.0, 48.0, 81.0, 46.0, 117.0, 35.0, 43.0, 47.0, 34.0, 117.0, 117.0, 37.0, 12.0, 45.0, 19.0, 54.0], "val_accuracy": [0.6666666269302368, 0.558035671710968, 0.6901785135269165, 0.7700892686843872, 0.5163690447807312, 0.7188987731933594, 0.9492558836936951, 0.7983630299568176, 0.9825892448425293, 0.6992558836936951, 0.7776785492897034, 0.791071355342865, 0.6953868865966797, 0.9825892448425293, 0.9824404120445251, 0.6630951762199402, 0.2787202298641205, 0.6665177941322327, 0.3373511731624603, 0.8181546926498413], "val_precision": [0.030101817101240158, 0.028429752215743065, 0.03369719907641411, 0.03994845226407051, 0.026307830587029457, 0.036125656217336655, 0.12162162363529205, 0.05144927650690079, 0.0, 0.039651837199926376, 0.04852458834648132, 0.04905395954847336, 0.039599236100912094, 0.0, 0.0, 0.03467706963419914, 0.02125506103038788, 0.0317460298538208, 0.02162400633096695, 0.05117790400981903], "val_recall": [0.5811966061592102, 0.7350427508354187, 0.6068376302719116, 0.5299145579338074, 0.7435897588729858, 0.5897436141967773, 0.3076923191547394, 0.6068376302719116, 0.0, 0.7008547186851501, 0.632478654384613, 0.5982906222343445, 0.7094017267227173, 0.0, 0.0, 0.6837607026100159, 0.8974359631538391, 0.6153846383094788, 0.8376069068908691, 0.5384615659713745], "val_auc": [0.7003748416900635, 0.70484459400177, 0.738274872303009, 0.7258871793746948, 0.7104288339614868, 0.7313854098320007, 0.790405809879303, 0.8003291487693787, 0.6952330470085144, 0.7850691676139832, 0.7778211236000061, 0.8015159368515015, 0.7785549759864807, 0.5037401914596558, 0.5037388801574707, 0.747887372970581, 0.7358251214027405, 0.7051301002502441, 0.6960071325302124, 0.7809852957725525]}