{"loss": [1.039406418800354, 0.6864420175552368, 0.6610192060470581, 0.6007608771324158, 0.619813084602356, 0.6038983464241028, 0.5805705189704895, 0.5919464230537415, 0.576262891292572, 0.5782098174095154, 0.5675714015960693, 0.5576625466346741, 0.5612865686416626, 0.5675109624862671, 0.567154586315155, 0.572531521320343, 0.5733681917190552, 0.5406421422958374, 0.5406123995780945, 0.5709996223449707], "tp": [207.0, 282.0, 284.0, 311.0, 308.0, 322.0, 326.0, 328.0, 319.0, 325.0, 328.0, 360.0, 341.0, 333.0, 329.0, 321.0, 341.0, 348.0, 345.0, 333.0], "fp": [7507.0, 8596.0, 8540.0, 8189.0, 8471.0, 8540.0, 8096.0, 8749.0, 8296.0, 8448.0, 8561.0, 8295.0, 8187.0, 8072.0, 7781.0, 7827.0, 8031.0, 8240.0, 8289.0, 8032.0], "tn": [18268.0, 17178.0, 17235.0, 17585.0, 17303.0, 17235.0, 17677.0, 17024.0, 17478.0, 17325.0, 17214.0, 17477.0, 17588.0, 17703.0, 17994.0, 17947.0, 17744.0, 17534.0, 17485.0, 17742.0], "fn": [258.0, 184.0, 181.0, 155.0, 158.0, 143.0, 141.0, 139.0, 147.0, 142.0, 137.0, 108.0, 124.0, 132.0, 136.0, 145.0, 124.0, 118.0, 121.0, 133.0], "accuracy": [0.7040777206420898, 0.6653963327407837, 0.6676447987556458, 0.6820122003555298, 0.6711509227752686, 0.6690930128097534, 0.6860899329185486, 0.6612805128097534, 0.6782393455505371, 0.6726372241973877, 0.6685213446617126, 0.6797637343406677, 0.6832697987556458, 0.6873475909233093, 0.6982850432395935, 0.6961890459060669, 0.6892149448394775, 0.6814786791801453, 0.6794969439506531, 0.6888338327407837], "precision": [0.02683432586491108, 0.03176391124725342, 0.03218494728207588, 0.03658823296427727, 0.035083722323179245, 0.03633491322398186, 0.038708142936229706, 0.03613528609275818, 0.03702843561768532, 0.03704547882080078, 0.036899540573358536, 0.041594453155994415, 0.03998592868447304, 0.03961927443742752, 0.040567200630903244, 0.039396170526742935, 0.04073100909590721, 0.04052165895700455, 0.039958301931619644, 0.0398087278008461], "recall": [0.4451613128185272, 0.6051502227783203, 0.6107527017593384, 0.667382001876831, 0.6609442234039307, 0.6924731135368347, 0.6980727910995483, 0.7023554444313049, 0.6845493316650391, 0.6959314942359924, 0.705376386642456, 0.7692307829856873, 0.7333333492279053, 0.7161290645599365, 0.7075269222259521, 0.6888412237167358, 0.7333333492279053, 0.7467811107635498, 0.7403433322906494, 0.7145922780036926], "auc": [0.5986170768737793, 0.6907427310943604, 0.7087535262107849, 0.7467743754386902, 0.737878680229187, 0.7495111227035522, 0.7688436508178711, 0.7522804737091064, 0.7647725343704224, 0.7605156898498535, 0.7669861912727356, 0.7885614037513733, 0.781423032283783, 0.77432781457901, 0.7793395519256592, 0.7691724896430969, 0.7823998928070068, 0.7935574650764465, 0.7918726205825806, 0.7816470861434937], "val_loss": [1.2395778894424438, 0.8622325658798218, 1.4119250774383545, 0.08625763654708862, 0.9297049045562744, 0.08767027407884598, 0.5845596194267273, 1.1262211799621582, 0.6306261420249939, 0.7980712652206421, 0.7087032198905945, 0.7346985936164856, 0.6044341921806335, 1.0751641988754272, 0.16408418118953705, 1.2793091535568237, 0.3757385313510895, 0.4064371585845947, 0.40336981415748596, 0.16983254253864288], "val_tp": [90.0, 74.0, 120.0, 1.0, 96.0, 0.0, 60.0, 93.0, 57.0, 81.0, 67.0, 69.0, 83.0, 117.0, 7.0, 118.0, 0.0, 52.0, 66.0, 1.0], "val_fp": [4425.0, 3205.0, 6587.0, 1.0, 4490.0, 0.0, 1666.0, 5431.0, 1940.0, 3206.0, 2564.0, 2677.0, 2184.0, 6261.0, 32.0, 6138.0, 0.0, 1263.0, 1297.0, 5.0], "val_tn": [2175.0, 3395.0, 13.0, 6599.0, 2110.0, 6600.0, 4934.0, 1169.0, 4660.0, 3394.0, 4036.0, 3923.0, 4416.0, 339.0, 6568.0, 462.0, 6600.0, 5337.0, 5303.0, 6595.0], "val_fn": [30.0, 46.0, 0.0, 119.0, 24.0, 120.0, 60.0, 27.0, 63.0, 39.0, 53.0, 51.0, 37.0, 3.0, 113.0, 2.0, 120.0, 68.0, 54.0, 119.0], "val_accuracy": [0.3370535373687744, 0.516220211982727, 0.01979166641831398, 0.9821428060531616, 0.32827380299568176, 0.9821428060531616, 0.7431547045707703, 0.18779760599136353, 0.7019344568252563, 0.5171130895614624, 0.6105654239654541, 0.5940476059913635, 0.6694940328598022, 0.06785713881254196, 0.9784225821495056, 0.0863095223903656, 0.9821428060531616, 0.8019344806671143, 0.7989583015441895, 0.9815475344657898], "val_precision": [0.019933555275201797, 0.022567857056856155, 0.01789175532758236, 0.5, 0.020933274179697037, 0.0, 0.03476245701313019, 0.01683562621474266, 0.028542814776301384, 0.02464253082871437, 0.025465600192546844, 0.025127457454800606, 0.03661226108670235, 0.01834430918097496, 0.1794871836900711, 0.018861891701817513, 0.0, 0.03954372927546501, 0.04842259734869003, 0.1666666716337204], "val_recall": [0.7500000596046448, 0.6166666746139526, 1.0, 0.008333333767950535, 0.8000000715255737, 0.0, 0.5, 0.7750000357627869, 0.4750000238418579, 0.675000011920929, 0.5583333373069763, 0.5750000476837158, 0.6916667222976685, 0.9750000238418579, 0.05833333730697632, 0.98333340883255, 0.0, 0.4333333671092987, 0.550000011920929, 0.008333333767950535], "val_auc": [0.6053913831710815, 0.6094931364059448, 0.6181755661964417, 0.7255306839942932, 0.63998943567276, 0.6538939476013184, 0.634061872959137, 0.5430416464805603, 0.6558820009231567, 0.6648207306861877, 0.6257493495941162, 0.6445453763008118, 0.7530158758163452, 0.6322159767150879, 0.6080929636955261, 0.6542758941650391, 0.5, 0.6943119764328003, 0.7671407461166382, 0.6110354065895081]}