{"loss": [1.0285627841949463, 0.6790371537208557, 0.7053530216217041, 0.6584005951881409, 0.6283051371574402, 0.6065564155578613, 0.5954776406288147, 0.5965944528579712, 0.5853898525238037, 0.5850456357002258, 0.5672686100006104, 0.5898939371109009, 0.5661076307296753, 0.5442906618118286, 0.5382116436958313, 0.5331211090087891, 0.5290651917457581, 0.5312772393226624, 0.5295957326889038, 0.5238314270973206], "tp": [203.0, 281.0, 279.0, 283.0, 302.0, 304.0, 326.0, 311.0, 328.0, 310.0, 346.0, 315.0, 345.0, 345.0, 350.0, 355.0, 352.0, 346.0, 345.0, 349.0], "fp": [7603.0, 8860.0, 8585.0, 8224.0, 8678.0, 8327.0, 8481.0, 7827.0, 8213.0, 8018.0, 8325.0, 8620.0, 8614.0, 8508.0, 8383.0, 8159.0, 7798.0, 7851.0, 7787.0, 7736.0], "tn": [18172.0, 16916.0, 17189.0, 17550.0, 17096.0, 17445.0, 17292.0, 17949.0, 17562.0, 17758.0, 17450.0, 17155.0, 17158.0, 17266.0, 17391.0, 17617.0, 17978.0, 17923.0, 17987.0, 18038.0], "fn": [262.0, 183.0, 187.0, 183.0, 164.0, 164.0, 141.0, 153.0, 137.0, 154.0, 119.0, 150.0, 123.0, 121.0, 116.0, 109.0, 112.0, 120.0, 121.0, 117.0], "accuracy": [0.7002667784690857, 0.6553734540939331, 0.6657012104988098, 0.6796112656593323, 0.6630335450172424, 0.6764100790023804, 0.6714177131652832, 0.6958841681480408, 0.6817835569381714, 0.6885671019554138, 0.6782011985778809, 0.6657774448394775, 0.6670350432395935, 0.6711509227752686, 0.6761052012443542, 0.6849085092544556, 0.6985518336296082, 0.6962271332740784, 0.6986280679702759, 0.7007240653038025], "precision": [0.026005638763308525, 0.03074061870574951, 0.03147563338279724, 0.03326672315597534, 0.033630289137363434, 0.035221874713897705, 0.03701600804924965, 0.03821577876806259, 0.038402996957302094, 0.03722382336854935, 0.039903122931718826, 0.03525461629033089, 0.038508761674165726, 0.03896984085440636, 0.04007786884903908, 0.041696030646562576, 0.043190184980630875, 0.04221056401729584, 0.04242498427629471, 0.04316635802388191], "recall": [0.43655914068222046, 0.6056034564971924, 0.5987124443054199, 0.6072961091995239, 0.6480686664581299, 0.6495726704597473, 0.6980727910995483, 0.670258641242981, 0.705376386642456, 0.6681034564971924, 0.7440860271453857, 0.6774193644523621, 0.7371795177459717, 0.7403433322906494, 0.7510729432106018, 0.7650862336158752, 0.7586206793785095, 0.7424892783164978, 0.7403433322906494, 0.7489270567893982], "auc": [0.5992162227630615, 0.6810847520828247, 0.6693306565284729, 0.704552948474884, 0.7218317985534668, 0.7384955883026123, 0.7517173290252686, 0.7534224390983582, 0.763060986995697, 0.7556206583976746, 0.7776029109954834, 0.7573789358139038, 0.7714706659317017, 0.7857521176338196, 0.7920494079589844, 0.7988331317901611, 0.8032189011573792, 0.799384593963623, 0.8024375438690186, 0.8050883412361145], "val_loss": [0.9664269089698792, 0.6451646685600281, 0.5707653760910034, 0.2591990828514099, 0.9528748393058777, 0.17000043392181396, 0.5431903600692749, 1.3755850791931152, 0.34439754486083984, 1.017777919769287, 0.6374170780181885, 0.40986108779907227, 0.09086968749761581, 0.10315611213445663, 0.331153929233551, 0.09459299594163895, 0.6269496083259583, 0.3480134904384613, 0.8593724966049194, 0.5944395661354065], "val_tp": [88.0, 70.0, 58.0, 10.0, 120.0, 18.0, 75.0, 120.0, 36.0, 120.0, 78.0, 0.0, 0.0, 6.0, 63.0, 3.0, 96.0, 39.0, 105.0, 73.0], "val_fp": [3478.0, 2095.0, 1591.0, 129.0, 6588.0, 240.0, 1688.0, 6600.0, 479.0, 6382.0, 2056.0, 0.0, 4.0, 62.0, 995.0, 18.0, 2380.0, 523.0, 3998.0, 1758.0], "val_tn": [3122.0, 4505.0, 5009.0, 6471.0, 12.0, 6360.0, 4912.0, 0.0, 6121.0, 218.0, 4544.0, 6600.0, 6596.0, 6538.0, 5605.0, 6582.0, 4220.0, 6077.0, 2602.0, 4842.0], "val_fn": [32.0, 50.0, 62.0, 110.0, 0.0, 102.0, 45.0, 0.0, 84.0, 0.0, 42.0, 120.0, 120.0, 114.0, 57.0, 117.0, 24.0, 81.0, 15.0, 47.0], "val_accuracy": [0.4776785373687744, 0.6808035373687744, 0.7540178298950195, 0.9644344449043274, 0.01964285597205162, 0.9491071105003357, 0.7421130537986755, 0.0178571417927742, 0.9162201881408691, 0.05029761791229248, 0.6877976059913635, 0.9821428060531616, 0.9815475344657898, 0.9738094806671143, 0.8434523344039917, 0.979910671710968, 0.6422618627548218, 0.9101189970970154, 0.40282735228538513, 0.7313987612724304], "val_precision": [0.024677511304616928, 0.032332561910152435, 0.035172831267118454, 0.07194244861602783, 0.01788908801972866, 0.06976743787527084, 0.04254112392663956, 0.0178571417927742, 0.06990291178226471, 0.018455859273672104, 0.03655107691884041, 0.0, 0.0, 0.0882352963089943, 0.05954631045460701, 0.1428571492433548, 0.03877221420407295, 0.0693950206041336, 0.025591030716896057, 0.039868924766778946], "val_recall": [0.7333333492279053, 0.5833333730697632, 0.4833333492279053, 0.0833333358168602, 1.0, 0.15000000596046448, 0.6250000596046448, 1.0, 0.30000001192092896, 1.0, 0.6500000357627869, 0.0, 0.0, 0.05000000447034836, 0.5250000357627869, 0.02500000223517418, 0.8000000715255737, 0.32500001788139343, 0.8750000596046448, 0.6083333492279053], "val_auc": [0.6535523533821106, 0.6543213725090027, 0.6723466515541077, 0.6862514019012451, 0.6920044422149658, 0.7344143390655518, 0.7714065909385681, 0.6778086423873901, 0.6940738558769226, 0.7123687267303467, 0.7479368448257446, 0.5, 0.724537193775177, 0.7682709693908691, 0.8056136965751648, 0.712929368019104, 0.8039571046829224, 0.7646976113319397, 0.7237734198570251, 0.7608252167701721]}