{"loss": [1.0978821516036987, 0.7703167796134949, 0.6907206177711487, 0.6518442630767822, 0.6705772876739502, 0.646339476108551, 0.6230255961418152, 0.6338691711425781, 0.6119800806045532, 0.5813905596733093, 0.5800458192825317, 0.561591625213623, 0.5527347326278687, 0.5617257356643677, 0.5595189332962036, 0.5568113923072815, 0.5384883880615234, 0.513918399810791, 0.5200534462928772, 0.5101745128631592, 0.5276172161102295, 0.5251184701919556, 0.51475590467453, 0.5167659521102905, 0.5040810704231262, 0.4754791855812073, 0.48605188727378845, 0.47671347856521606, 0.4591464400291443, 0.4650638997554779, 0.4565877318382263, 0.4254186749458313, 0.44339123368263245, 0.4323291480541229, 0.3854077160358429, 0.39883482456207275, 0.4031011760234833, 0.42499563097953796, 0.39296749234199524, 0.47997137904167175, 0.3810010850429535, 0.3465287983417511, 0.3388732671737671, 0.3315789997577667, 0.29238539934158325, 0.3105388879776001, 0.2864871621131897, 0.28088855743408203, 0.3029666841030121, 0.24639146029949188, 0.2570144832134247, 0.2767946124076843, 0.259271502494812, 0.24968881905078888, 0.2860860824584961, 0.23021842539310455, 0.2162926346063614, 0.2033364623785019, 0.22330458462238312, 0.23338301479816437], "tp": [154.0, 207.0, 218.0, 245.0, 236.0, 252.0, 263.0, 246.0, 260.0, 276.0, 278.0, 262.0, 286.0, 280.0, 273.0, 282.0, 286.0, 303.0, 296.0, 304.0, 293.0, 284.0, 285.0, 294.0, 307.0, 311.0, 303.0, 305.0, 308.0, 304.0, 310.0, 321.0, 299.0, 309.0, 331.0, 324.0, 320.0, 311.0, 331.0, 296.0, 330.0, 338.0, 328.0, 338.0, 343.0, 335.0, 342.0, 340.0, 337.0, 347.0, 345.0, 341.0, 347.0, 350.0, 333.0, 350.0, 353.0, 352.0, 351.0, 355.0], "fp": [5621.0, 7625.0, 7330.0, 6949.0, 6958.0, 7112.0, 7063.0, 6667.0, 6819.0, 6877.0, 6549.0, 6265.0, 6768.0, 6476.0, 6585.0, 6632.0, 6400.0, 6120.0, 6462.0, 6162.0, 5845.0, 6057.0, 5999.0, 6023.0, 5890.0, 5540.0, 5571.0, 5163.0, 5228.0, 5029.0, 5024.0, 4876.0, 4615.0, 5003.0, 4277.0, 4395.0, 4283.0, 4473.0, 3761.0, 4412.0, 4087.0, 3713.0, 3726.0, 3527.0, 3071.0, 3028.0, 2752.0, 3031.0, 2778.0, 2495.0, 2507.0, 3046.0, 2707.0, 2403.0, 3109.0, 2517.0, 2639.0, 1958.0, 2064.0, 2504.0], "tn": [16069.0, 14060.0, 14359.0, 14740.0, 14733.0, 14576.0, 14624.0, 15021.0, 14863.0, 14809.0, 15141.0, 15423.0, 14918.0, 15211.0, 15102.0, 15054.0, 15286.0, 15563.0, 15225.0, 15525.0, 15840.0, 15630.0, 15689.0, 15665.0, 15796.0, 16147.0, 16115.0, 16525.0, 16461.0, 16660.0, 16665.0, 16809.0, 17073.0, 16683.0, 17413.0, 17292.0, 17405.0, 17214.0, 17928.0, 17275.0, 17599.0, 17974.0, 17961.0, 18157.0, 18618.0, 18662.0, 18936.0, 18659.0, 18911.0, 19191.0, 19177.0, 18639.0, 18978.0, 19279.0, 18580.0, 19168.0, 19051.0, 19728.0, 19621.0, 19183.0], "fn": [236.0, 188.0, 173.0, 146.0, 153.0, 140.0, 130.0, 146.0, 138.0, 118.0, 112.0, 130.0, 108.0, 113.0, 120.0, 112.0, 108.0, 94.0, 97.0, 89.0, 102.0, 109.0, 107.0, 98.0, 87.0, 82.0, 91.0, 87.0, 83.0, 87.0, 81.0, 74.0, 93.0, 85.0, 59.0, 69.0, 72.0, 82.0, 60.0, 97.0, 64.0, 55.0, 65.0, 58.0, 48.0, 55.0, 50.0, 50.0, 54.0, 47.0, 51.0, 54.0, 48.0, 48.0, 58.0, 45.0, 37.0, 42.0, 44.0, 38.0], "accuracy": [0.7347373366355896, 0.6461504101753235, 0.660190224647522, 0.6786684989929199, 0.6779438853263855, 0.6715580224990845, 0.6742300987243652, 0.691440224647522, 0.6849185228347778, 0.6831974983215332, 0.6983243227005005, 0.7103713750839233, 0.6885870099067688, 0.7015851736068726, 0.6963315606117249, 0.6945652365684509, 0.7052536606788635, 0.7185688614845276, 0.7029438614845276, 0.7168931365013123, 0.7306612730026245, 0.7207427620887756, 0.7234601974487305, 0.7227808237075806, 0.7293025851249695, 0.7453804612159729, 0.7435688376426697, 0.7622283101081848, 0.7594656348228455, 0.7682971358299255, 0.7687953114509583, 0.7758152484893799, 0.7867754101753235, 0.769565224647522, 0.8036231994628906, 0.7978261113166809, 0.8027626872062683, 0.7937047481536865, 0.8269475102424622, 0.795788049697876, 0.8120018243789673, 0.8293478488922119, 0.8283061981201172, 0.83763587474823, 0.8587409853935242, 0.8603714108467102, 0.873097836971283, 0.8604620099067688, 0.8717391490936279, 0.8848732113838196, 0.8841485977172852, 0.8596014976501465, 0.8752264976501465, 0.888994574546814, 0.8565670847892761, 0.883967399597168, 0.8788043856620789, 0.9094203114509583, 0.9045290350914001, 0.8848732113838196], "precision": [0.026666665449738503, 0.026430031284689903, 0.028881821781396866, 0.034056156873703, 0.03280511498451233, 0.034220531582832336, 0.035899534821510315, 0.035585131496191025, 0.036728352308273315, 0.038585204631090164, 0.04072066769003868, 0.04014095664024353, 0.04054437205195427, 0.04144464433193207, 0.0398075245320797, 0.04078681021928787, 0.0427759513258934, 0.04717421904206276, 0.04379994422197342, 0.04701515659689903, 0.04773541912436485, 0.04478788748383522, 0.045353278517723083, 0.04654107987880707, 0.04954009875655174, 0.05315330624580383, 0.051583245396614075, 0.05577908083796501, 0.055635835975408554, 0.05700356140732765, 0.05811773240566254, 0.061766400933265686, 0.06084655970335007, 0.05817017704248428, 0.0718315988779068, 0.06865861266851425, 0.06951988488435745, 0.06500835716724396, 0.08088953793048859, 0.06287170946598053, 0.07471133768558502, 0.08343619108200073, 0.08090774714946747, 0.08745148777961731, 0.10046865791082382, 0.09961343556642532, 0.11053651571273804, 0.10086028277873993, 0.10818620026111603, 0.12209711968898773, 0.12096773833036423, 0.10067906230688095, 0.11362148076295853, 0.1271340399980545, 0.09674607217311859, 0.12207882851362228, 0.11798128485679626, 0.15238094329833984, 0.14534161984920502, 0.12416929006576538], "recall": [0.3948718011379242, 0.5240506529808044, 0.5575447678565979, 0.6265984773635864, 0.6066837906837463, 0.6428571939468384, 0.669211208820343, 0.6275510787963867, 0.6532663106918335, 0.7005075812339783, 0.7128205299377441, 0.6683673858642578, 0.7258883118629456, 0.7124682068824768, 0.694656491279602, 0.7157360315322876, 0.7258883118629456, 0.7632242441177368, 0.7531806826591492, 0.7735369205474854, 0.7417721748352051, 0.7226462960243225, 0.7270408868789673, 0.7500000596046448, 0.779187798500061, 0.7913485765457153, 0.7690355181694031, 0.7780612707138062, 0.7877237796783447, 0.7774935960769653, 0.7928388714790344, 0.8126582503318787, 0.7627551555633545, 0.7842639684677124, 0.848717987537384, 0.8244274854660034, 0.8163266181945801, 0.7913485765457153, 0.8465473055839539, 0.7531806826591492, 0.8375634551048279, 0.8600509166717529, 0.8346055746078491, 0.8535353541374207, 0.877237856388092, 0.8589743971824646, 0.8724490404129028, 0.8717948794364929, 0.861892580986023, 0.8807106614112854, 0.8712121248245239, 0.8632911443710327, 0.8784810304641724, 0.8793969750404358, 0.8516623973846436, 0.8860759735107422, 0.9051282405853271, 0.893401026725769, 0.8886076211929321, 0.9033079147338867], "auc": [0.5864402055740356, 0.6157536506652832, 0.6776992678642273, 0.7133393287658691, 0.6957771182060242, 0.7194944024085999, 0.7368977665901184, 0.7363905310630798, 0.744163453578949, 0.7651962041854858, 0.7714947462081909, 0.7798525094985962, 0.7904477119445801, 0.7841731905937195, 0.7788709998130798, 0.7848508954048157, 0.7986650466918945, 0.8216426372528076, 0.811177670955658, 0.8228459358215332, 0.8195623159408569, 0.8113402128219604, 0.8160579204559326, 0.8156964778900146, 0.8295742869377136, 0.8497509360313416, 0.8419612646102905, 0.8500115871429443, 0.8609787821769714, 0.8567931056022644, 0.8643788695335388, 0.8834577202796936, 0.8714286684989929, 0.874241828918457, 0.9056033492088318, 0.8984735012054443, 0.8950639963150024, 0.8839725852012634, 0.912423312664032, 0.8634418845176697, 0.9087138772010803, 0.9248790144920349, 0.9266151785850525, 0.9316372275352478, 0.9456866383552551, 0.9398796558380127, 0.9485108256340027, 0.9507603049278259, 0.9430723786354065, 0.9614886045455933, 0.9582896828651428, 0.9509924650192261, 0.957831621170044, 0.9611108899116516, 0.946636974811554, 0.9656479954719543, 0.969617486000061, 0.9739111065864563, 0.9686086177825928, 0.9655123949050903],