{"loss": [1.0359482765197754, 0.6850623488426208, 0.6657325029373169, 0.6665747165679932, 0.6341415643692017, 0.68160080909729, 0.6650907397270203, 0.7024880051612854, 0.6277220845222473, 0.6146696209907532, 0.607815682888031, 0.5694089531898499, 0.5489690899848938, 0.6479459404945374, 0.5892431139945984, 0.5713080763816833, 0.5538182258605957, 0.5324896574020386, 0.5375733971595764, 0.5365042686462402, 0.5590109825134277, 0.591782808303833, 0.5554251074790955, 0.5403392314910889, 0.5283665060997009, 0.4837316572666168, 0.43970534205436707, 0.48741254210472107, 0.4666241705417633, 0.4673675298690796, 0.45600369572639465, 0.434259831905365, 0.3698250651359558, 0.41180098056793213, 0.39093801379203796, 0.37796750664711, 0.3459441363811493, 0.3879849910736084, 0.355707049369812, 0.2936939001083374, 0.25824087858200073, 0.3131827414035797, 0.26184841990470886, 0.2618301808834076, 0.266765296459198, 0.291103333234787, 0.2346242517232895, 0.2112904042005539, 0.18946179747581482, 0.2443721890449524, 0.31222978234291077, 0.3530712127685547, 0.2372516691684723, 0.21536792814731598, 0.21805261075496674, 0.21051886677742004, 0.20419324934482574, 0.17537297308444977, 0.1692853569984436, 0.16437530517578125], "tp": [176.0, 237.0, 242.0, 234.0, 244.0, 228.0, 267.0, 262.0, 269.0, 290.0, 276.0, 271.0, 287.0, 282.0, 284.0, 284.0, 288.0, 302.0, 288.0, 282.0, 290.0, 275.0, 306.0, 316.0, 300.0, 307.0, 322.0, 300.0, 308.0, 322.0, 318.0, 316.0, 329.0, 324.0, 329.0, 342.0, 333.0, 342.0, 336.0, 346.0, 356.0, 337.0, 357.0, 348.0, 350.0, 341.0, 359.0, 358.0, 364.0, 356.0, 337.0, 338.0, 356.0, 356.0, 362.0, 358.0, 364.0, 364.0, 358.0, 361.0], "fp": [6033.0, 7699.0, 7514.0, 7477.0, 7322.0, 6336.0, 7530.0, 6835.0, 7166.0, 7839.0, 6796.0, 6640.0, 6846.0, 6887.0, 6833.0, 6789.0, 6394.0, 6139.0, 6157.0, 6151.0, 6175.0, 6191.0, 6134.0, 5906.0, 5476.0, 5621.0, 5167.0, 5277.0, 5424.0, 4909.0, 4950.0, 4982.0, 3875.0, 4253.0, 4219.0, 4041.0, 3691.0, 4208.0, 3552.0, 3235.0, 2836.0, 3268.0, 3254.0, 2576.0, 2687.0, 3003.0, 2751.0, 2474.0, 1965.0, 2283.0, 2780.0, 3506.0, 2654.0, 2587.0, 2406.0, 2018.0, 2256.0, 1891.0, 1864.0, 1658.0], "tn": [15655.0, 13987.0, 14174.0, 14211.0, 14366.0, 15353.0, 14157.0, 14852.0, 14518.0, 13848.0, 14893.0, 15045.0, 14842.0, 14799.0, 14853.0, 14898.0, 15294.0, 15542.0, 15530.0, 15538.0, 15511.0, 15496.0, 15551.0, 15778.0, 16212.0, 16065.0, 16516.0, 16414.0, 16266.0, 16774.0, 16739.0, 16705.0, 17814.0, 17436.0, 17469.0, 17645.0, 17996.0, 17478.0, 18135.0, 18453.0, 18851.0, 18419.0, 18434.0, 19106.0, 19003.0, 18685.0, 18937.0, 19214.0, 19723.0, 19399.0, 18905.0, 18180.0, 19033.0, 19097.0, 19280.0, 19670.0, 19429.0, 19795.0, 19824.0, 20028.0], "fn": [216.0, 157.0, 150.0, 158.0, 148.0, 163.0, 126.0, 131.0, 127.0, 103.0, 115.0, 124.0, 105.0, 112.0, 110.0, 109.0, 104.0, 97.0, 105.0, 109.0, 104.0, 118.0, 89.0, 80.0, 92.0, 87.0, 75.0, 89.0, 82.0, 75.0, 73.0, 77.0, 62.0, 67.0, 63.0, 52.0, 60.0, 52.0, 57.0, 46.0, 37.0, 56.0, 35.0, 50.0, 40.0, 51.0, 33.0, 34.0, 28.0, 42.0, 58.0, 56.0, 37.0, 40.0, 32.0, 34.0, 31.0, 30.0, 34.0, 33.0], "accuracy": [0.7169837355613708, 0.6442029476165771, 0.6528985500335693, 0.6542119979858398, 0.6616848111152649, 0.7056612372398376, 0.6532608866691589, 0.6845108866691589, 0.669701099395752, 0.6403080224990845, 0.6870018243789673, 0.6936594247817993, 0.6851902604103088, 0.683016300201416, 0.6855525374412537, 0.6875905990600586, 0.7057065367698669, 0.7175725102424622, 0.7163949608802795, 0.7164855599403381, 0.7156250476837158, 0.714266300201416, 0.7181612849235535, 0.7288949489593506, 0.747826099395752, 0.7414855360984802, 0.7625905871391296, 0.7569746375083923, 0.7506340742111206, 0.7742753624916077, 0.7725090980529785, 0.7708786725997925, 0.8216938972473145, 0.8043478727340698, 0.8060688972473145, 0.8146286606788635, 0.8301177620887756, 0.8070652484893799, 0.836548924446106, 0.8514040112495422, 0.8698822855949402, 0.8494565486907959, 0.8510416746139526, 0.8810688853263855, 0.8764945864677429, 0.8616847991943359, 0.873913049697876, 0.8864130973815918, 0.9097373485565186, 0.8947011232376099, 0.8714674115180969, 0.8386775851249695, 0.878125011920929, 0.8810235857963562, 0.8895833492279053, 0.9070652723312378, 0.8964221477508545, 0.9129981994628906, 0.9140399098396301, 0.9234148859977722], "precision": [0.028345949947834015, 0.029863910749554634, 0.031201651319861412, 0.030346257612109184, 0.032249536365270615, 0.03473491594195366, 0.03424393758177757, 0.036917008459568024, 0.03618022799491882, 0.035674743354320526, 0.039027146995067596, 0.039212845265865326, 0.040235526859760284, 0.039336029440164566, 0.03990445286035538, 0.040152695029973984, 0.04310086369514465, 0.04688713327050209, 0.04468580335378647, 0.04383647069334984, 0.044856924563646317, 0.042530156672000885, 0.04751552641391754, 0.05078753083944321, 0.05193905532360077, 0.051788125187158585, 0.0586627796292305, 0.05379236117005348, 0.053733423352241516, 0.06155610457062721, 0.060364462435245514, 0.0596451498568058, 0.07825880497694016, 0.07078872621059418, 0.0723394900560379, 0.07802875339984894, 0.08275347203016281, 0.07516483962535858, 0.08641975373029709, 0.09662105143070221, 0.11152882128953934, 0.09348127245903015, 0.0988645851612091, 0.11901505291461945, 0.11524531245231628, 0.10197368264198303, 0.11543408781290054, 0.12641242146492004, 0.15629024803638458, 0.1348995864391327, 0.1081167683005333, 0.08792923390865326, 0.11827243119478226, 0.12096499651670456, 0.13078033924102783, 0.15067340433597565, 0.1389313042163849, 0.161419078707695, 0.1611161082983017, 0.17880140244960785], "recall": [0.44897961616516113, 0.6015228033065796, 0.617347002029419, 0.5969387888908386, 0.6224490404129028, 0.5831202268600464, 0.6793892979621887, 0.6666666865348816, 0.6792929172515869, 0.7379134893417358, 0.7058823704719543, 0.6860759258270264, 0.7321429252624512, 0.7157360315322876, 0.7208121418952942, 0.7226462960243225, 0.7346939444541931, 0.756892204284668, 0.732824444770813, 0.7212275862693787, 0.7360405921936035, 0.6997455358505249, 0.7746835350990295, 0.7979797720909119, 0.7653061747550964, 0.779187798500061, 0.8110831379890442, 0.7712082266807556, 0.7897436022758484, 0.8110831379890442, 0.8132992386817932, 0.8040712475776672, 0.8414322137832642, 0.8286445140838623, 0.8392857909202576, 0.8680202960968018, 0.847328245639801, 0.8680202960968018, 0.8549618124961853, 0.8826531171798706, 0.9058524370193481, 0.8575063347816467, 0.910714328289032, 0.8743718266487122, 0.8974359035491943, 0.8698980212211609, 0.9158163666725159, 0.9132653474807739, 0.9285715222358704, 0.8944723606109619, 0.853164553642273, 0.8578680157661438, 0.9058524370193481, 0.8989899158477783, 0.9187816977500916, 0.9132653474807739, 0.9215189814567566, 0.9238578677177429, 0.9132653474807739, 0.9162436127662659], "auc": [0.6103938817977905, 0.6793039441108704, 0.6944299340248108, 0.704073429107666, 0.7178148627281189, 0.7118437886238098, 0.7276355624198914, 0.7268608808517456, 0.7460027933120728, 0.7454755902290344, 0.7584601044654846, 0.7771980166435242, 0.7872123718261719, 0.7562389969825745, 0.7742515802383423, 0.788202702999115, 0.8010733127593994, 0.8115351796150208, 0.8056109547615051, 0.8074014186859131, 0.8067367672920227, 0.7893900871276855, 0.8154293894767761, 0.8277795314788818, 0.8293871879577637, 0.844718337059021, 0.8742828965187073, 0.8505209684371948, 0.8579866290092468, 0.8668857216835022, 0.873171865940094, 0.8805639743804932, 0.9171678423881531, 0.8925055265426636, 0.9045190215110779, 0.9174031019210815, 0.9251700043678284, 0.9109119176864624, 0.923625111579895, 0.9466898441314697, 0.9597064256668091, 0.9384217858314514, 0.9572662115097046, 0.9574465155601501, 0.9591012001037598, 0.947021484375, 0.96635502576828, 0.9724681973457336, 0.9782339334487915, 0.9659695029258728, 0.943483829498291, 0.9262057542800903, 0.9657467007637024, 0.9706614017486572, 0.9708007574081421, 0.9731660485267639, 0.9751850366592407, 0.9810655117034912, 0.9812414646148682, 0.9834731817245483],