{"loss": [1.2111759185791016, 0.7233726978302002, 0.6757969260215759, 0.6250765919685364, 0.6109561324119568, 0.5667828917503357, 0.5510032773017883, 0.5570980310440063, 0.5454420447349548, 0.5450901985168457, 0.5390635132789612, 0.6291820406913757, 0.7332298159599304, 0.7121593952178955, 0.655124843120575, 0.6762662529945374, 0.6388512849807739, 0.6064698100090027, 0.6060270071029663, 0.5517074465751648, 0.5614025592803955, 0.5456347465515137, 0.5325891971588135, 0.5442768335342407, 0.5334212779998779, 0.551123321056366, 0.5334412455558777, 0.535102903842926, 0.5159627795219421, 0.5327901244163513, 0.519598126411438, 0.514511227607727, 0.5183225870132446, 0.5067427158355713, 0.4964773952960968, 0.4936838150024414, 0.5014527440071106, 0.4884691536426544, 0.4920656383037567, 0.47013959288597107, 0.46993958950042725, 0.4450957477092743, 0.45444318652153015, 0.44821375608444214, 0.40733903646469116, 0.4129580557346344, 0.4193747043609619, 0.3957407474517822, 0.3803620934486389, 0.38685378432273865, 0.37297630310058594, 0.4169532358646393, 0.43102067708969116, 0.36232349276542664, 0.31060972809791565, 0.310217022895813, 0.3058742582798004, 0.33287307620048523, 0.3961336016654968, 0.3194443881511688], "tp": [139.0, 229.0, 245.0, 268.0, 262.0, 283.0, 274.0, 285.0, 285.0, 291.0, 289.0, 249.0, 215.0, 211.0, 229.0, 237.0, 238.0, 251.0, 246.0, 283.0, 279.0, 293.0, 299.0, 284.0, 296.0, 281.0, 288.0, 303.0, 301.0, 293.0, 298.0, 296.0, 294.0, 307.0, 311.0, 309.0, 309.0, 319.0, 313.0, 313.0, 319.0, 318.0, 317.0, 314.0, 333.0, 330.0, 325.0, 330.0, 332.0, 336.0, 335.0, 333.0, 316.0, 352.0, 355.0, 355.0, 354.0, 344.0, 324.0, 350.0], "fp": [4882.0, 7005.0, 7277.0, 7419.0, 7063.0, 7043.0, 6767.0, 7089.0, 6700.0, 6911.0, 6755.0, 5578.0, 6957.0, 6514.0, 6570.0, 6902.0, 6312.0, 6368.0, 6686.0, 6996.0, 6649.0, 6871.0, 7171.0, 6546.0, 6990.0, 6387.0, 6810.0, 6949.0, 6839.0, 6707.0, 6918.0, 6712.0, 6928.0, 6678.0, 6485.0, 6647.0, 6593.0, 6344.0, 6271.0, 6060.0, 5951.0, 5707.0, 5657.0, 5507.0, 5256.0, 5374.0, 5131.0, 4950.0, 4545.0, 4488.0, 4487.0, 4394.0, 4848.0, 4599.0, 3690.0, 3764.0, 3424.0, 3745.0, 4263.0, 4028.0], "tn": [16810.0, 14681.0, 14415.0, 14268.0, 14628.0, 14646.0, 14923.0, 14599.0, 14989.0, 14777.0, 14934.0, 16113.0, 14731.0, 15177.0, 15121.0, 14789.0, 15375.0, 15319.0, 15001.0, 14693.0, 15040.0, 14817.0, 14514.0, 15144.0, 14699.0, 15298.0, 14880.0, 14742.0, 14852.0, 14980.0, 14769.0, 14980.0, 14762.0, 15012.0, 15204.0, 15043.0, 15096.0, 15344.0, 15418.0, 15627.0, 15738.0, 15984.0, 16031.0, 16185.0, 16433.0, 16318.0, 16558.0, 16740.0, 17144.0, 17200.0, 17204.0, 17291.0, 16843.0, 17087.0, 18001.0, 17920.0, 18264.0, 17941.0, 17424.0, 17665.0], "fn": [249.0, 165.0, 143.0, 125.0, 127.0, 108.0, 116.0, 107.0, 106.0, 101.0, 102.0, 140.0, 177.0, 178.0, 160.0, 152.0, 155.0, 142.0, 147.0, 108.0, 112.0, 99.0, 96.0, 106.0, 95.0, 114.0, 102.0, 86.0, 88.0, 100.0, 95.0, 92.0, 96.0, 83.0, 80.0, 81.0, 82.0, 73.0, 78.0, 80.0, 72.0, 71.0, 75.0, 74.0, 58.0, 58.0, 66.0, 60.0, 59.0, 56.0, 54.0, 62.0, 73.0, 42.0, 34.0, 41.0, 38.0, 50.0, 69.0, 37.0], "accuracy": [0.7676177620887756, 0.67527174949646, 0.6639493107795715, 0.6583333611488342, 0.6743659377098083, 0.6761322617530823, 0.6882699728012085, 0.6740942001342773, 0.6917572617530823, 0.6824275851249695, 0.6894474625587463, 0.7410326600074768, 0.676902174949646, 0.6969203352928162, 0.6951993107795715, 0.6805253624916077, 0.7071105241775513, 0.7051630616188049, 0.6905344724655151, 0.6782609224319458, 0.6937953233718872, 0.6843297481536865, 0.6708786487579346, 0.6987318992614746, 0.6791213750839233, 0.7055706977844238, 0.686956524848938, 0.68138587474823, 0.6862772107124329, 0.691711962223053, 0.6823822855949402, 0.6918478608131409, 0.6818841099739075, 0.6937953233718872, 0.7026721239089966, 0.6952898502349854, 0.6976902484893799, 0.7093750238418579, 0.7124547362327576, 0.7219203114509583, 0.7272192239761353, 0.738315224647522, 0.7403985857963562, 0.7472373247146606, 0.7593297362327576, 0.7539855241775513, 0.7646286487579346, 0.7730978727340698, 0.7914855480194092, 0.7942029237747192, 0.7943388223648071, 0.7981884479522705, 0.7771286368370056, 0.7898098230361938, 0.8313406109809875, 0.8276721239089966, 0.843206524848938, 0.828125, 0.8038043975830078, 0.81589674949646], "precision": [0.02768372744321823, 0.031656067818403244, 0.03257112577557564, 0.03486405313014984, 0.035767920315265656, 0.03862953931093216, 0.03891492635011673, 0.0386493094265461, 0.04080171883106232, 0.04040544107556343, 0.04102782532572746, 0.042732108384370804, 0.029977688565850258, 0.0313754640519619, 0.03368142619729042, 0.033197928220033646, 0.03633587807416916, 0.03792113810777664, 0.035487592220306396, 0.03887896612286568, 0.04027136415243149, 0.04089893773198128, 0.04002677649259567, 0.04158125817775726, 0.040625862777233124, 0.04214157164096832, 0.040574811398983, 0.041781578212976456, 0.04215686395764351, 0.04185714200139046, 0.04129711538553238, 0.04223744571208954, 0.04070894792675972, 0.04395132511854172, 0.045762211084365845, 0.044422078877687454, 0.04476963356137276, 0.04787633195519447, 0.04753948748111725, 0.049113448709249496, 0.050877198576927185, 0.05278008058667183, 0.053063273429870605, 0.05394262075424194, 0.059581320732831955, 0.05785413831472397, 0.05956744775176048, 0.0624999962747097, 0.06807463616132736, 0.06965173780918121, 0.06947324424982071, 0.07044637203216553, 0.06119287759065628, 0.0710967481136322, 0.08776266872882843, 0.08618596196174622, 0.09370037168264389, 0.08412815630435944, 0.0706344023346901, 0.07994518429040909], "recall": [0.35824739933013916, 0.5812182426452637, 0.6314432621002197, 0.6819338202476501, 0.673521876335144, 0.7237851619720459, 0.7025641202926636, 0.7270408868789673, 0.7289002537727356, 0.742347002029419, 0.739130437374115, 0.6401028037071228, 0.5484694242477417, 0.5424164533615112, 0.5886889696121216, 0.6092544794082642, 0.605597972869873, 0.6386768221855164, 0.6259542107582092, 0.7237851619720459, 0.7135549783706665, 0.7474490404129028, 0.7569620013237, 0.728205144405365, 0.7570332288742065, 0.7113924026489258, 0.7384615540504456, 0.7789202928543091, 0.7737789154052734, 0.7455470561981201, 0.758269727230072, 0.7628865838050842, 0.7538461685180664, 0.7871795296669006, 0.7953963875770569, 0.7923077344894409, 0.7902812957763672, 0.8137755393981934, 0.8005114793777466, 0.796437680721283, 0.8158567547798157, 0.817480742931366, 0.8086735010147095, 0.8092783093452454, 0.8516623973846436, 0.8505154252052307, 0.8312020301818848, 0.8461538553237915, 0.8491048812866211, 0.8571429252624512, 0.8611825108528137, 0.8430379629135132, 0.8123393058776855, 0.893401026725769, 0.9125964045524597, 0.8964646458625793, 0.9030612707138062, 0.8730964064598083, 0.8244274854660034, 0.9043927788734436], "auc": [0.5986972451210022, 0.6847774386405945, 0.7038862109184265, 0.7371079921722412, 0.7424419522285461, 0.7689612507820129, 0.7826970219612122, 0.7755430936813354, 0.7873722314834595, 0.7870630025863647, 0.7910678386688232, 0.7520591020584106, 0.6417914032936096, 0.6641998291015625, 0.6993032097816467, 0.6944918036460876, 0.7106152772903442, 0.7308290600776672, 0.7299786806106567, 0.7823545336723328, 0.7736786007881165, 0.7889458537101746, 0.7961063385009766, 0.7863643765449524, 0.798407256603241, 0.7888993620872498, 0.7958409786224365, 0.8043621182441711, 0.8076601028442383, 0.798971951007843, 0.8049221038818359, 0.8112888336181641, 0.8060585856437683, 0.8192433714866638, 0.8276388049125671, 0.826271116733551, 0.8212412595748901, 0.833875834941864, 0.8311772346496582, 0.8478789925575256, 0.8514485359191895, 0.8662750720977783, 0.8588307499885559, 0.8639931678771973, 0.8889137506484985, 0.8828200101852417, 0.884005069732666, 0.8943132162094116, 0.9037274122238159, 0.9023568630218506, 0.9104119539260864, 0.8922709822654724, 0.8777673244476318, 0.9167608618736267, 0.9373076558113098, 0.9375441074371338, 0.9400044679641724, 0.9296482801437378, 0.9001226425170898, 0.9355380535125732],