{"loss": [1.163415551185608, 0.7043334245681763, 0.6700617074966431, 0.6596897840499878, 0.6462875604629517, 0.6230332255363464, 0.6320750713348389, 0.6049119830131531, 0.6236732006072998, 0.5774664878845215, 0.6144266128540039, 0.6118937730789185, 0.5856598019599915, 0.584152102470398, 0.6086965203285217, 0.5500831604003906, 0.5556889176368713, 0.5876964926719666, 0.5600423812866211, 0.5663764476776123, 0.5802997350692749, 0.5397890210151672, 0.5783851146697998, 0.5319035053253174, 0.5369223356246948, 0.5320961475372314, 0.5438736081123352, 0.5348308086395264, 0.5126667618751526, 0.5456763505935669, 0.5132451057434082, 0.49152258038520813, 0.4722599387168884, 0.4846562147140503, 0.47979119420051575, 0.48807063698768616, 0.468747615814209, 0.4587004482746124, 0.4315069019794464, 0.3937249183654785, 0.35138314962387085, 0.3670545518398285, 0.3194589614868164, 0.36967527866363525, 0.33780112862586975, 0.31188076734542847, 0.29981908202171326, 0.28298208117485046, 0.24340561032295227, 0.22912554442882538, 0.2554667294025421, 0.26113587617874146, 0.2202296406030655, 0.1758924275636673, 0.2075299471616745, 0.236004039645195, 0.19333516061306, 0.2875428795814514, 0.20930729806423187, 0.15432041883468628], "tp": [164.0, 273.0, 294.0, 294.0, 318.0, 308.0, 312.0, 326.0, 325.0, 339.0, 331.0, 332.0, 340.0, 337.0, 337.0, 354.0, 351.0, 332.0, 341.0, 344.0, 346.0, 343.0, 341.0, 360.0, 364.0, 353.0, 363.0, 352.0, 351.0, 365.0, 368.0, 375.0, 373.0, 369.0, 371.0, 368.0, 379.0, 379.0, 382.0, 390.0, 397.0, 407.0, 411.0, 391.0, 406.0, 412.0, 411.0, 415.0, 426.0, 427.0, 424.0, 423.0, 422.0, 438.0, 426.0, 425.0, 435.0, 416.0, 436.0, 445.0], "fp": [5885.0, 7610.0, 8007.0, 8368.0, 8573.0, 8015.0, 8237.0, 8692.0, 8217.0, 8458.0, 8014.0, 8325.0, 8126.0, 8134.0, 8381.0, 7782.0, 7958.0, 8125.0, 7747.0, 7876.0, 7667.0, 7570.0, 7508.0, 7224.0, 7407.0, 7270.0, 6917.0, 7281.0, 6890.0, 6888.0, 6665.0, 6452.0, 6086.0, 6224.0, 5892.0, 6061.0, 5735.0, 5521.0, 5402.0, 5052.0, 4700.0, 4640.0, 3933.0, 4345.0, 4593.0, 3873.0, 3638.0, 3736.0, 3135.0, 2967.0, 3098.0, 3220.0, 2777.0, 2318.0, 2572.0, 2720.0, 2191.0, 2908.0, 2742.0, 1884.0], "tn": [19890.0, 18166.0, 17767.0, 17406.0, 17201.0, 17757.0, 17536.0, 17084.0, 17558.0, 17318.0, 17761.0, 17450.0, 17646.0, 17640.0, 17393.0, 17994.0, 17818.0, 17649.0, 18027.0, 17898.0, 18108.0, 18206.0, 18265.0, 18550.0, 18368.0, 18504.0, 18858.0, 18492.0, 18884.0, 18887.0, 19109.0, 19320.0, 19688.0, 19550.0, 19882.0, 19714.0, 20037.0, 20254.0, 20372.0, 20723.0, 21075.0, 21133.0, 21841.0, 21430.0, 21182.0, 21901.0, 22138.0, 22039.0, 22640.0, 22807.0, 22676.0, 22555.0, 22999.0, 23456.0, 23204.0, 23055.0, 23584.0, 22863.0, 23030.0, 23888.0], "fn": [301.0, 191.0, 172.0, 172.0, 148.0, 160.0, 155.0, 138.0, 140.0, 125.0, 134.0, 133.0, 128.0, 129.0, 129.0, 110.0, 113.0, 134.0, 125.0, 122.0, 119.0, 121.0, 126.0, 106.0, 101.0, 113.0, 102.0, 115.0, 115.0, 100.0, 98.0, 93.0, 93.0, 97.0, 95.0, 97.0, 89.0, 86.0, 84.0, 75.0, 68.0, 60.0, 55.0, 74.0, 59.0, 54.0, 53.0, 50.0, 39.0, 39.0, 42.0, 42.0, 42.0, 28.0, 38.0, 40.0, 30.0, 53.0, 32.0, 23.0], "accuracy": [0.7642530202865601, 0.7027058005332947, 0.6883003115653992, 0.6745426654815674, 0.6676447987556458, 0.6884527206420898, 0.680182933807373, 0.6634908318519592, 0.6815167665481567, 0.6729039549827576, 0.6894817352294922, 0.6776676774024963, 0.6854420900344849, 0.6850990653038025, 0.6756860017776489, 0.6992378234863281, 0.6924161314964294, 0.6852515339851379, 0.699999988079071, 0.6951981782913208, 0.7032774686813354, 0.7068978548049927, 0.7090701460838318, 0.7206555008888245, 0.713871955871582, 0.7186356782913208, 0.7325076460838318, 0.7181402444839478, 0.7330411672592163, 0.73368901014328, 0.7422637343406677, 0.7505716681480408, 0.7645198106765747, 0.7591082453727722, 0.7718368768692017, 0.7653201222419739, 0.7780487537384033, 0.7863186001777649, 0.7909298539161682, 0.8046112656593323, 0.8182926774024963, 0.8208841681480408, 0.8480182886123657, 0.8315929770469666, 0.8227134346961975, 0.8503429889678955, 0.8593369126319885, 0.8557164669036865, 0.8790396451950073, 0.8854420781135559, 0.8803353905677795, 0.87568598985672, 0.8925685882568359, 0.9105945229530334, 0.9005335569381714, 0.894817054271698, 0.9153582453727722, 0.8871570229530334, 0.8942835330963135, 0.9273247122764587], "precision": [0.027111919596791267, 0.03463148698210716, 0.03541741892695427, 0.033941350877285004, 0.03576650470495224, 0.03700588643550873, 0.03649549558758736, 0.036149922758340836, 0.038047295063734055, 0.038535866886377335, 0.03966446965932846, 0.03835046663880348, 0.0401606410741806, 0.03978278860449791, 0.038655657321214676, 0.043510325253009796, 0.0422433465719223, 0.03925742208957672, 0.042161229997873306, 0.04184914752840996, 0.04317983612418175, 0.04334639012813568, 0.04344502463936806, 0.04746835678815842, 0.046840816736221313, 0.04630722850561142, 0.049862634390592575, 0.04611555114388466, 0.04847396910190582, 0.050324004143476486, 0.05232475697994232, 0.05492895841598511, 0.05774887651205063, 0.055968452244997025, 0.059236787259578705, 0.05724062770605087, 0.06198887899518013, 0.06423729658126831, 0.06604426354169846, 0.07166483253240585, 0.07788895070552826, 0.080641970038414, 0.09461326152086258, 0.08255912363529205, 0.0812162458896637, 0.09614935517311096, 0.1015065386891365, 0.09997590631246567, 0.11962932348251343, 0.12581025063991547, 0.12038613855838776, 0.1161131039261818, 0.13191622495651245, 0.15892598032951355, 0.14209473133087158, 0.13513512909412384, 0.16565117239952087, 0.1251504272222519, 0.1371932029724121, 0.1910691261291504], "recall": [0.352688193321228, 0.5883620381355286, 0.6309012770652771, 0.6309012770652771, 0.6824034452438354, 0.6581196784973145, 0.6680942177772522, 0.7025862336158752, 0.698924720287323, 0.7306034564971924, 0.7118279933929443, 0.7139785289764404, 0.7264957427978516, 0.7231759428977966, 0.7231759428977966, 0.7629310488700867, 0.756465494632721, 0.7124463319778442, 0.7317596673965454, 0.7381974458694458, 0.7440860271453857, 0.7392241358757019, 0.7301927208900452, 0.7725321650505066, 0.7827957272529602, 0.7575107216835022, 0.7806451916694641, 0.7537473440170288, 0.7532188892364502, 0.7849462628364563, 0.7896995544433594, 0.8012821078300476, 0.8004291653633118, 0.7918455004692078, 0.7961373329162598, 0.7913978695869446, 0.8098291158676147, 0.8150537610054016, 0.8197425007820129, 0.8387097120285034, 0.8537634611129761, 0.8715203404426575, 0.8819742202758789, 0.8408602476119995, 0.8731182813644409, 0.8841201663017273, 0.8857758641242981, 0.8924731612205505, 0.9161290526390076, 0.9163089990615845, 0.9098712205886841, 0.9096774458885193, 0.9094827771186829, 0.9399141669273376, 0.9181034564971924, 0.9139785170555115, 0.9354838728904724, 0.8869936466217041, 0.9316239953041077, 0.9508547186851501], "auc": [0.5952165722846985, 0.7016288042068481, 0.7220829725265503, 0.726131796836853, 0.7490309476852417, 0.7481147050857544, 0.7443109154701233, 0.7576852440834045, 0.7560535669326782, 0.7773380875587463, 0.7688925266265869, 0.7673622965812683, 0.7802791595458984, 0.7768765091896057, 0.7672061324119568, 0.7994359731674194, 0.7889881730079651, 0.7736278176307678, 0.7935027480125427, 0.7930199503898621, 0.7977461218833923, 0.8054753541946411, 0.7925467491149902, 0.8149544596672058, 0.8147702217102051, 0.8161454796791077, 0.820163905620575, 0.8168632984161377, 0.8268454074859619, 0.8277788758277893, 0.8403897881507874, 0.8525266051292419, 0.8594425916671753, 0.8564990758895874, 0.8653591871261597, 0.8604737520217896, 0.8709193468093872, 0.8770802021026611, 0.8877487778663635, 0.904586672782898, 0.9216135740280151, 0.9197403192520142, 0.938038170337677, 0.9163830280303955, 0.926898717880249, 0.939744234085083, 0.9459179639816284, 0.949878454208374, 0.9636555910110474, 0.9672955274581909, 0.9599318504333496, 0.9576707482337952, 0.9698195457458496, 0.9810346961021423, 0.972613513469696, 0.9664517045021057, 0.979108452796936, 0.9538915753364563, 0.9732068181037903, 0.985502302646637],