{"loss": [1.1478272676467896, 0.7216187119483948, 0.6648138165473938, 0.6466472148895264, 0.6217517256736755, 0.6462536454200745, 0.645171046257019, 0.6669538021087646, 0.679639458656311, 0.6425195336341858, 0.614801287651062, 0.615397036075592, 0.591284453868866, 0.6314926147460938, 0.7083150744438171, 0.641173779964447, 0.6242344975471497, 0.6710224151611328, 0.6235451102256775, 0.6588061451911926, 0.651221752166748, 0.6388484239578247, 0.619789719581604, 0.5938893556594849, 0.6245233416557312, 0.5834400057792664, 0.5901318192481995, 0.5894047021865845, 0.6088500022888184, 0.5756775736808777, 0.5703237056732178, 0.6084977388381958, 0.5692664384841919, 0.6011569499969482, 0.5876040458679199, 0.5610312819480896, 0.5526362061500549, 0.5574482083320618, 0.5644967555999756, 0.5176400542259216, 0.5181872248649597, 0.513588547706604, 0.527733325958252, 0.4877597689628601, 0.4894372522830963, 0.450759619474411, 0.5159263014793396, 0.5394867658615112, 0.46288686990737915, 0.47054389119148254, 0.46276867389678955, 0.42964836955070496, 0.41623857617378235, 0.4133255183696747, 0.3936765491962433, 0.3431636393070221, 0.33294016122817993, 0.32820016145706177, 0.30841338634490967, 0.30755287408828735], "tp": [156.0, 224.0, 243.0, 250.0, 255.0, 241.0, 260.0, 250.0, 247.0, 256.0, 268.0, 260.0, 274.0, 275.0, 251.0, 263.0, 264.0, 268.0, 279.0, 268.0, 264.0, 276.0, 294.0, 277.0, 280.0, 284.0, 280.0, 291.0, 282.0, 295.0, 298.0, 296.0, 295.0, 305.0, 301.0, 290.0, 300.0, 302.0, 302.0, 305.0, 308.0, 308.0, 302.0, 324.0, 322.0, 323.0, 314.0, 310.0, 321.0, 325.0, 331.0, 332.0, 322.0, 334.0, 329.0, 352.0, 338.0, 339.0, 353.0, 347.0], "fp": [5363.0, 7539.0, 7440.0, 7224.0, 6836.0, 6913.0, 7195.0, 7416.0, 7063.0, 7120.0, 7448.0, 7525.0, 7522.0, 7460.0, 6688.0, 6910.0, 6585.0, 7342.0, 7110.0, 7199.0, 7363.0, 7162.0, 7173.0, 6697.0, 7119.0, 7101.0, 6809.0, 6874.0, 7251.0, 6912.0, 6648.0, 6614.0, 6411.0, 6302.0, 6387.0, 6345.0, 6004.0, 6103.0, 6260.0, 5640.0, 5576.0, 5457.0, 5605.0, 5254.0, 5159.0, 5085.0, 5025.0, 5645.0, 5268.0, 4966.0, 4564.0, 4600.0, 4249.0, 4438.0, 4342.0, 3692.0, 3674.0, 3543.0, 3365.0, 3263.0], "tn": [16169.0, 13992.0, 14089.0, 14304.0, 14694.0, 14619.0, 14335.0, 14116.0, 14467.0, 14410.0, 14084.0, 14007.0, 14009.0, 14069.0, 14843.0, 14620.0, 14943.0, 14189.0, 14420.0, 14330.0, 14163.0, 14369.0, 14355.0, 14834.0, 14412.0, 14427.0, 14723.0, 14656.0, 14279.0, 14617.0, 14884.0, 14914.0, 15120.0, 15228.0, 15141.0, 15184.0, 15526.0, 15427.0, 15269.0, 15890.0, 15951.0, 16072.0, 15925.0, 16276.0, 16371.0, 16444.0, 16503.0, 15885.0, 16262.0, 16563.0, 16966.0, 16931.0, 17283.0, 17089.0, 17189.0, 17837.0, 17857.0, 17987.0, 18164.0, 18267.0], "fn": [232.0, 165.0, 148.0, 142.0, 135.0, 147.0, 130.0, 138.0, 143.0, 134.0, 120.0, 128.0, 115.0, 116.0, 138.0, 127.0, 128.0, 121.0, 111.0, 123.0, 130.0, 113.0, 98.0, 112.0, 109.0, 108.0, 108.0, 99.0, 108.0, 96.0, 90.0, 96.0, 94.0, 85.0, 91.0, 101.0, 90.0, 88.0, 89.0, 85.0, 85.0, 83.0, 88.0, 66.0, 68.0, 68.0, 78.0, 80.0, 69.0, 66.0, 59.0, 57.0, 66.0, 59.0, 60.0, 39.0, 51.0, 51.0, 38.0, 43.0], "accuracy": [0.7447535991668701, 0.6485401391983032, 0.6538320779800415, 0.663959801197052, 0.6819798946380615, 0.6779196858406067, 0.6658302545547485, 0.6553831696510315, 0.6712591052055359, 0.6690692901611328, 0.6547445058822632, 0.6508667469024658, 0.6515966653823853, 0.6543795466423035, 0.6885948777198792, 0.6789689660072327, 0.6937499642372131, 0.6595346331596375, 0.6705747842788696, 0.6659671068191528, 0.6581660509109497, 0.668111264705658, 0.6682937741279602, 0.6893703937530518, 0.6702554225921631, 0.6711222529411316, 0.6844434142112732, 0.6818886399269104, 0.6642791628837585, 0.6802919507026672, 0.6926094889640808, 0.6938868165016174, 0.7032390236854553, 0.7086222171783447, 0.7044707536697388, 0.7059306502342224, 0.7219890356063843, 0.7175638675689697, 0.710355818271637, 0.7388229370117188, 0.7417426705360413, 0.747262716293335, 0.7402828335762024, 0.7572992444038391, 0.7615419626235962, 0.7649178504943848, 0.7671988606452942, 0.7388229370117188, 0.7565236687660217, 0.7704378962516785, 0.7890967130661011, 0.7875455617904663, 0.8031477928161621, 0.7948448657989502, 0.7991787791252136, 0.8297901153564453, 0.8300638198852539, 0.8360401391983032, 0.844753623008728, 0.8491787910461426], "precision": [0.02826599031686783, 0.02885482646524906, 0.03162826970219612, 0.03344929218292236, 0.035961076617240906, 0.03368744999170303, 0.03487592563033104, 0.032611533999443054, 0.03378932923078537, 0.03470715880393982, 0.03473302721977234, 0.03339755907654762, 0.03514622896909714, 0.03555268421769142, 0.03617236018180847, 0.03666527196764946, 0.038545772433280945, 0.03521682322025299, 0.03775883466005325, 0.03589125722646713, 0.034613870084285736, 0.03710675239562988, 0.0393732450902462, 0.039718955755233765, 0.03784295171499252, 0.03845633193850517, 0.03949781134724617, 0.04061409831047058, 0.03743528574705124, 0.04093242809176445, 0.0429023914039135, 0.04283646494150162, 0.04399045556783676, 0.046163156628608704, 0.045005980879068375, 0.04370760917663574, 0.047588832676410675, 0.047150664031505585, 0.046022552996873856, 0.051303617656230927, 0.052345339208841324, 0.05342584475874901, 0.05112577974796295, 0.05808533355593681, 0.058748405426740646, 0.05972633138298988, 0.05881251022219658, 0.05205709859728813, 0.05743424594402313, 0.061425067484378815, 0.06762001663446426, 0.0673154965043068, 0.07044410705566406, 0.06999161839485168, 0.07043460011482239, 0.08704254031181335, 0.08424726128578186, 0.08732611685991287, 0.09494351595640182, 0.0961218848824501], "recall": [0.4020618498325348, 0.5758354663848877, 0.6214833855628967, 0.6377551555633545, 0.6538461446762085, 0.6211339831352234, 0.6666666865348816, 0.6443299055099487, 0.6333333253860474, 0.656410276889801, 0.6907216310501099, 0.6701030731201172, 0.7043702006340027, 0.7033247947692871, 0.6452442407608032, 0.6743590235710144, 0.6734694242477417, 0.688946008682251, 0.7153846621513367, 0.6854220032691956, 0.6700507402420044, 0.7095115780830383, 0.7500000596046448, 0.7120822668075562, 0.7197943329811096, 0.7244898676872253, 0.7216494679450989, 0.7461538910865784, 0.7230769395828247, 0.7544757127761841, 0.76804119348526, 0.7551020979881287, 0.7583547830581665, 0.7820513248443604, 0.7678571939468384, 0.7416879534721375, 0.7692307829856873, 0.7743589878082275, 0.7723785042762756, 0.7820513248443604, 0.783715009689331, 0.7877237796783447, 0.7743589878082275, 0.8307692408561707, 0.8256410360336304, 0.8260869383811951, 0.8010204434394836, 0.7948718070983887, 0.8230769634246826, 0.8312020301818848, 0.848717987537384, 0.8534704446792603, 0.829896867275238, 0.8498727679252625, 0.8457583785057068, 0.9002557396888733, 0.8688945770263672, 0.8692308068275452, 0.9028133153915405, 0.8897436261177063], "auc": [0.6127142310142517, 0.6584547758102417, 0.7018052935600281, 0.7110709547996521, 0.7291631698608398, 0.7112720608711243, 0.726472020149231, 0.7058282494544983, 0.7016973495483398, 0.722916305065155, 0.7487722635269165, 0.7317132949829102, 0.7542134523391724, 0.7513709664344788, 0.7099849581718445, 0.7331897020339966, 0.7442489266395569, 0.7265301942825317, 0.7511714696884155, 0.7261115312576294, 0.7343396544456482, 0.7479520440101624, 0.7615213990211487, 0.7721402049064636, 0.7527726292610168, 0.7736462950706482, 0.7748717069625854, 0.7823513746261597, 0.7676353454589844, 0.7913902997970581, 0.7953554391860962, 0.7874670028686523, 0.802039384841919, 0.8003396987915039, 0.8012000322341919, 0.8017512559890747, 0.8087083101272583, 0.8115966320037842, 0.8087630271911621, 0.8375400900840759, 0.8351789116859436, 0.8395752310752869, 0.8317880630493164, 0.8561432957649231, 0.8612620234489441, 0.8727308511734009, 0.8474934697151184, 0.8353308439254761, 0.8674849271774292, 0.8711830377578735, 0.8825950622558594, 0.8905727863311768, 0.8984337449073792, 0.897261917591095, 0.9063096642494202, 0.926408588886261, 0.9313230514526367, 0.9315807223320007, 0.9406948089599609, 0.9423993825912476],