{"loss": [1.0674546957015991, 0.7167603969573975, 0.7356974482536316, 0.7555461525917053, 0.6975848078727722, 0.6708172559738159, 0.6642724871635437, 0.7037241458892822, 0.7035200595855713, 0.697971761226654, 0.6551445722579956, 0.6540931463241577, 0.6569194197654724, 0.6468350291252136, 0.6692856550216675, 0.6208387613296509, 0.6306694149971008, 0.6313775777816772, 0.6585823893547058, 0.6152013540267944, 0.6119955778121948, 0.6078484058380127, 0.6446065902709961, 0.6140483617782593, 0.6314338445663452, 0.6086229085922241, 0.6131704449653625, 0.6290612816810608, 0.6045374870300293, 0.5990861058235168, 0.5898858904838562, 0.5993028283119202, 0.5707377195358276, 0.6310821175575256, 0.612263560295105, 0.6101962327957153, 0.5917531847953796, 0.6139484643936157, 0.6200001835823059, 0.619050145149231, 0.5724692344665527, 0.587803840637207, 0.549738347530365, 0.5585042834281921, 0.5460378527641296, 0.5342267751693726, 0.5227326154708862, 0.5339158177375793, 0.5416899919509888, 0.5201904773712158, 0.515331506729126, 0.5407343506813049, 0.49585777521133423, 0.502239465713501, 0.5073484778404236, 0.48744234442710876, 0.44873031973838806, 0.45266932249069214, 0.47737741470336914, 0.4440056085586548], "tp": [172.0, 227.0, 212.0, 209.0, 222.0, 231.0, 250.0, 231.0, 219.0, 229.0, 259.0, 244.0, 252.0, 244.0, 240.0, 263.0, 274.0, 256.0, 263.0, 264.0, 263.0, 271.0, 268.0, 270.0, 285.0, 282.0, 269.0, 263.0, 264.0, 274.0, 286.0, 281.0, 286.0, 270.0, 281.0, 278.0, 274.0, 269.0, 273.0, 271.0, 283.0, 282.0, 292.0, 293.0, 283.0, 310.0, 296.0, 297.0, 287.0, 308.0, 299.0, 302.0, 311.0, 315.0, 303.0, 309.0, 314.0, 317.0, 320.0, 327.0], "fp": [6593.0, 7271.0, 7613.0, 7534.0, 7334.0, 7283.0, 7358.0, 6545.0, 6757.0, 6785.0, 6981.0, 6667.0, 7296.0, 7114.0, 7306.0, 7261.0, 7225.0, 7129.0, 7163.0, 7194.0, 7381.0, 7122.0, 7094.0, 7092.0, 7114.0, 7096.0, 6862.0, 7304.0, 7196.0, 7263.0, 7421.0, 7180.0, 7149.0, 6968.0, 6667.0, 7172.0, 6376.0, 6843.0, 6968.0, 6719.0, 6360.0, 6686.0, 6704.0, 6773.0, 6357.0, 6361.0, 6249.0, 6788.0, 6470.0, 6774.0, 6262.0, 6008.0, 6353.0, 6295.0, 5898.0, 5502.0, 5460.0, 5661.0, 5414.0, 5404.0], "tn": [14938.0, 14258.0, 13916.0, 13995.0, 14196.0, 14249.0, 14172.0, 14985.0, 14774.0, 14743.0, 14550.0, 14864.0, 14235.0, 14417.0, 14224.0, 14268.0, 14304.0, 14402.0, 14365.0, 14334.0, 14149.0, 14408.0, 14436.0, 14438.0, 14418.0, 14431.0, 14669.0, 14225.0, 14335.0, 14267.0, 14109.0, 14348.0, 14380.0, 14561.0, 14861.0, 14360.0, 15155.0, 14687.0, 14562.0, 14809.0, 15168.0, 14841.0, 14827.0, 14757.0, 15173.0, 15168.0, 15281.0, 14742.0, 15059.0, 14757.0, 15268.0, 15521.0, 15175.0, 15233.0, 15631.0, 16027.0, 16071.0, 15870.0, 16116.0, 16123.0], "fn": [217.0, 164.0, 179.0, 182.0, 168.0, 157.0, 140.0, 159.0, 170.0, 163.0, 130.0, 145.0, 137.0, 145.0, 150.0, 128.0, 117.0, 133.0, 129.0, 128.0, 127.0, 119.0, 122.0, 120.0, 103.0, 111.0, 120.0, 128.0, 125.0, 116.0, 104.0, 111.0, 105.0, 121.0, 111.0, 110.0, 115.0, 121.0, 117.0, 121.0, 109.0, 111.0, 97.0, 97.0, 107.0, 81.0, 94.0, 93.0, 104.0, 81.0, 91.0, 89.0, 81.0, 77.0, 88.0, 82.0, 75.0, 72.0, 70.0, 66.0], "accuracy": [0.6893247961997986, 0.6608120203018188, 0.6445255279541016, 0.6479926705360413, 0.657755434513092, 0.6605839133262634, 0.6579379439353943, 0.6941605806350708, 0.6839872002601624, 0.6830291748046875, 0.6755930185317993, 0.6892335414886475, 0.66090327501297, 0.6688412427902222, 0.659853994846344, 0.6629105806350708, 0.6650547385215759, 0.6687043309211731, 0.6673357486724854, 0.6659671068191528, 0.6574817299842834, 0.669662356376648, 0.670802891254425, 0.6709854006767273, 0.6707572937011719, 0.6712134480476379, 0.6814780831336975, 0.6609488725662231, 0.6660127639770508, 0.6633667349815369, 0.6567061543464661, 0.6673813462257385, 0.6690692901611328, 0.6765967011451721, 0.6907846331596375, 0.6677919626235962, 0.7038776874542236, 0.6822992563247681, 0.6767791509628296, 0.6879561543464661, 0.7048813700675964, 0.6899178624153137, 0.6897353529930115, 0.6865875720977783, 0.7051094770431519, 0.7061131000518799, 0.7106295228004456, 0.6860857605934143, 0.7000912427902222, 0.6872718930244446, 0.7101733088493347, 0.72185218334198, 0.7064780592918396, 0.709306538105011, 0.7269160151481628, 0.7452554702758789, 0.7474908232688904, 0.738457977771759, 0.7498174905776978, 0.7504561543464661], "precision": [0.025424981489777565, 0.030274739488959312, 0.027092652395367622, 0.02699211984872818, 0.02938062511384487, 0.030742613598704338, 0.03286014497280121, 0.034090910106897354, 0.031393349170684814, 0.03264898806810379, 0.03577347844839096, 0.03530603274703026, 0.03338632732629776, 0.033161185681819916, 0.03180493041872978, 0.03495481237769127, 0.03653820604085922, 0.03466486185789108, 0.03541610389947891, 0.03539823368191719, 0.03440606966614723, 0.036656297743320465, 0.03640315309166908, 0.03667481616139412, 0.038518719375133514, 0.03822173923254013, 0.037722621113061905, 0.03475617617368698, 0.03538873791694641, 0.03635398671030998, 0.037109117954969406, 0.03766250982880592, 0.03846671059727669, 0.037303123623132706, 0.040443290024995804, 0.03731543570756912, 0.041203007102012634, 0.0378233976662159, 0.03770197555422783, 0.0387696698307991, 0.04260123521089554, 0.04047072306275368, 0.04173813760280609, 0.04146617650985718, 0.04262048006057739, 0.0464697927236557, 0.0452253632247448, 0.04191954806447029, 0.042474474757909775, 0.043490540236234665, 0.045572325587272644, 0.04786054044961929, 0.04666866734623909, 0.04765506833791733, 0.048863086849451065, 0.05317501351237297, 0.054381709545850754, 0.053027767688035965, 0.05580746382474899, 0.05705810338258743], "recall": [0.44215938448905945, 0.5805626511573792, 0.5421994924545288, 0.5345268249511719, 0.5692307949066162, 0.5953608155250549, 0.6410256624221802, 0.5923076868057251, 0.5629820227622986, 0.5841836929321289, 0.6658097505569458, 0.6272493600845337, 0.647814929485321, 0.6272493600845337, 0.6153846383094788, 0.6726342439651489, 0.7007672786712646, 0.6580976843833923, 0.6709184050559998, 0.6734694242477417, 0.6743590235710144, 0.6948718428611755, 0.6871795058250427, 0.692307710647583, 0.7345360517501831, 0.7175572514533997, 0.6915166974067688, 0.6726342439651489, 0.6786632537841797, 0.7025641202926636, 0.7333333492279053, 0.7168368101119995, 0.7314577698707581, 0.6905370950698853, 0.7168368101119995, 0.7164947986602783, 0.7043702006340027, 0.6897436380386353, 0.7000000476837158, 0.6913265585899353, 0.7219388484954834, 0.7175572514533997, 0.7506426572799683, 0.7512820959091187, 0.7256410717964172, 0.7928388714790344, 0.7589743733406067, 0.7615385055541992, 0.7340153455734253, 0.791773796081543, 0.7666667103767395, 0.7723785042762756, 0.7933673858642578, 0.8035714626312256, 0.7749360799789429, 0.7902812957763672, 0.8071979284286499, 0.8149099946022034, 0.8205128312110901, 0.8320610523223877], "auc": [0.5832744836807251, 0.6591891646385193, 0.6387910842895508, 0.6231801509857178, 0.6648710370063782, 0.6913052797317505, 0.6948442459106445, 0.6904807090759277, 0.6752790212631226, 0.6776736378669739, 0.7141259908676147, 0.7177903652191162, 0.7047057151794434, 0.7125876545906067, 0.6991222500801086, 0.7261669039726257, 0.7381462454795837, 0.7267208695411682, 0.7251975536346436, 0.7355197668075562, 0.7445594668388367, 0.7499187588691711, 0.7349190711975098, 0.7479329705238342, 0.7515880465507507, 0.7586115002632141, 0.7455456852912903, 0.7397933602333069, 0.7405917644500732, 0.7516600489616394, 0.7561061382293701, 0.7614015936851501, 0.7744728922843933, 0.7517947554588318, 0.7630552053451538, 0.7551261782646179, 0.7769867777824402, 0.7492844462394714, 0.7546607255935669, 0.7631350159645081, 0.785845935344696, 0.7760698795318604, 0.7963875532150269, 0.7907057404518127, 0.7961365580558777, 0.8135991096496582, 0.8166463971138, 0.8036143779754639, 0.802405595779419, 0.820065975189209, 0.8205834627151489, 0.8211873769760132, 0.8360235691070557, 0.8332529067993164, 0.8345939517021179, 0.8522135615348816, 0.865737795829773, 0.862142026424408, 0.8579428195953369, 0.8712127208709717],