{"loss": [0.9453334808349609, 0.7094606757164001, 0.7404042482376099, 0.7519218325614929, 0.7327010631561279, 0.6866855621337891, 0.6748339533805847, 0.6301060318946838, 0.6933493614196777, 0.6805151700973511, 0.6395125389099121, 0.6385616660118103, 0.6357457041740417, 0.6480271816253662, 0.6351801753044128, 0.6477178931236267, 0.6215936541557312, 0.5837681293487549, 0.6589562296867371, 0.6686159372329712, 0.6337383985519409, 0.5851749181747437, 0.5896140933036804, 0.6057958006858826, 0.5677769184112549, 0.5775846838951111, 0.6010927557945251, 0.5931901931762695, 0.5529529452323914, 0.5767862796783447, 0.5500163435935974, 0.5610136985778809, 0.5531010031700134, 0.5436177253723145, 0.5522291660308838, 0.6128760576248169, 0.5601595044136047, 0.5467087626457214, 0.5635949969291687, 0.5450833439826965, 0.5527070760726929, 0.5492632389068604, 0.5293801426887512, 0.5397986173629761, 0.5316983461380005, 0.610295832157135, 0.6077830791473389, 0.578360378742218, 0.5398768782615662, 0.5560797452926636, 0.5430564284324646, 0.5207585096359253, 0.6046607494354248, 0.5568139553070068, 0.5311500430107117, 0.5302692651748657, 0.5664197206497192, 0.5165026783943176, 0.5349572896957397, 0.5030655264854431], "tp": [190.0, 214.0, 220.0, 203.0, 218.0, 223.0, 251.0, 243.0, 229.0, 250.0, 254.0, 256.0, 261.0, 269.0, 263.0, 269.0, 277.0, 280.0, 245.0, 252.0, 261.0, 272.0, 275.0, 268.0, 274.0, 275.0, 273.0, 277.0, 284.0, 281.0, 281.0, 289.0, 284.0, 280.0, 277.0, 267.0, 290.0, 292.0, 293.0, 292.0, 291.0, 294.0, 292.0, 292.0, 301.0, 278.0, 290.0, 287.0, 294.0, 293.0, 286.0, 300.0, 285.0, 283.0, 303.0, 303.0, 293.0, 317.0, 298.0, 311.0], "fp": [5525.0, 6757.0, 6828.0, 6455.0, 7076.0, 6365.0, 7057.0, 6876.0, 6398.0, 6591.0, 6718.0, 6912.0, 7136.0, 7116.0, 6787.0, 7335.0, 7168.0, 7036.0, 6850.0, 6640.0, 7192.0, 6931.0, 7181.0, 6831.0, 6985.0, 7073.0, 7112.0, 7008.0, 7356.0, 6795.0, 7202.0, 6817.0, 6990.0, 7165.0, 6587.0, 7030.0, 7199.0, 7183.0, 6810.0, 7024.0, 6772.0, 7198.0, 6840.0, 7038.0, 6834.0, 6956.0, 7286.0, 6932.0, 6690.0, 6717.0, 6723.0, 6620.0, 6992.0, 7193.0, 6594.0, 6770.0, 6480.0, 6606.0, 6324.0, 6225.0], "tn": [16008.0, 14776.0, 14704.0, 15074.0, 14455.0, 15169.0, 14477.0, 14655.0, 15131.0, 14941.0, 14816.0, 14620.0, 14395.0, 14418.0, 14745.0, 14195.0, 14364.0, 14495.0, 14682.0, 14892.0, 14340.0, 14599.0, 14351.0, 14701.0, 14548.0, 14459.0, 14420.0, 14522.0, 14177.0, 14737.0, 14331.0, 14717.0, 14542.0, 14367.0, 14946.0, 14503.0, 14333.0, 14346.0, 14719.0, 14508.0, 14759.0, 14334.0, 14691.0, 14493.0, 14697.0, 14577.0, 14245.0, 14599.0, 14841.0, 14812.0, 14809.0, 14912.0, 14539.0, 14339.0, 14938.0, 14762.0, 15049.0, 14924.0, 15209.0, 15307.0], "fn": [197.0, 173.0, 168.0, 188.0, 171.0, 163.0, 135.0, 146.0, 162.0, 138.0, 132.0, 132.0, 128.0, 117.0, 125.0, 121.0, 111.0, 109.0, 143.0, 136.0, 127.0, 118.0, 113.0, 120.0, 113.0, 113.0, 115.0, 113.0, 103.0, 107.0, 106.0, 97.0, 104.0, 108.0, 110.0, 120.0, 98.0, 99.0, 98.0, 96.0, 98.0, 94.0, 97.0, 97.0, 88.0, 109.0, 99.0, 102.0, 95.0, 98.0, 102.0, 88.0, 104.0, 105.0, 85.0, 85.0, 98.0, 73.0, 89.0, 77.0], "accuracy": [0.7389598488807678, 0.6838503479957581, 0.6808393597602844, 0.6969434022903442, 0.6693886518478394, 0.7021897435188293, 0.6718977689743042, 0.6796532869338989, 0.7007299065589905, 0.6930200457572937, 0.6875, 0.6786496043205261, 0.6686131358146667, 0.6700273752212524, 0.6846715211868286, 0.659853994846344, 0.6679288148880005, 0.6740419268608093, 0.6809762716293335, 0.6908758878707886, 0.6661039590835571, 0.6784214973449707, 0.6672444939613342, 0.6828923225402832, 0.6761860847473145, 0.6721715331077576, 0.670301079750061, 0.6751368641853333, 0.6597171425819397, 0.6851277351379395, 0.6666058301925659, 0.6845802664756775, 0.6763685941696167, 0.6682025194168091, 0.6944798827171326, 0.6738138198852539, 0.6671076416969299, 0.6677919626235962, 0.6848539710044861, 0.6751824617385864, 0.6865875720977783, 0.6673357486724854, 0.6835309863090515, 0.6744981408119202, 0.6842153072357178, 0.6776915788650513, 0.6630930304527283, 0.679105818271637, 0.6904652714729309, 0.6890966892242432, 0.6886404752731323, 0.6939780712127686, 0.6762773394584656, 0.6670620441436768, 0.6953010559082031, 0.6872718930244446, 0.6999087333679199, 0.6953010559082031, 0.7074360847473145, 0.7124999761581421], "precision": [0.03324584662914276, 0.030698608607053757, 0.031214529648423195, 0.030489636585116386, 0.029887579381465912, 0.03384942561388016, 0.034345921128988266, 0.03413400799036026, 0.03455560654401779, 0.03654436767101288, 0.036431439220905304, 0.0357142873108387, 0.03528457507491112, 0.036425188183784485, 0.037304963916540146, 0.03537611663341522, 0.03720617666840553, 0.03827228397130966, 0.0345313623547554, 0.03656413406133652, 0.03501945734024048, 0.03776204586029053, 0.036883048713207245, 0.03775179758667946, 0.03774624690413475, 0.03742515295743942, 0.036966826766729355, 0.03802333399653435, 0.03717277571558952, 0.03971170261502266, 0.03755178675055504, 0.04066985473036766, 0.03904316946864128, 0.03760913014411926, 0.04035547748208046, 0.03659037873148918, 0.03872346132993698, 0.03906354680657387, 0.04125017300248146, 0.039912521839141846, 0.04120062291622162, 0.03924185782670975, 0.04094223305583, 0.03983628749847412, 0.04218640550971031, 0.038429636508226395, 0.03827877715229988, 0.03975620120763779, 0.042096223682165146, 0.04179743304848671, 0.040804676711559296, 0.04335260018706322, 0.03916449099779129, 0.03785446658730507, 0.04393214359879494, 0.042838964611291885, 0.04326000064611435, 0.04578939825296402, 0.04500150680541992, 0.04758261889219284], "recall": [0.4909560978412628, 0.552971601486206, 0.5670102834701538, 0.5191816091537476, 0.5604113340377808, 0.5777201652526855, 0.6502590775489807, 0.6246786713600159, 0.5856777429580688, 0.6443299055099487, 0.6580310463905334, 0.6597937941551208, 0.6709511280059814, 0.696891188621521, 0.6778350472450256, 0.6897436380386353, 0.7139174938201904, 0.7197943329811096, 0.6314432621002197, 0.6494845151901245, 0.6726803779602051, 0.6974359154701233, 0.7087628841400146, 0.6907216310501099, 0.7080103754997253, 0.7087628841400146, 0.7036082148551941, 0.7102564573287964, 0.7338501214981079, 0.7242267727851868, 0.7260982394218445, 0.7487046718597412, 0.7319587469100952, 0.7216494679450989, 0.7157623171806335, 0.6899225115776062, 0.7474226355552673, 0.7468030452728271, 0.7493606209754944, 0.7525773048400879, 0.7480719685554504, 0.7577319145202637, 0.7506426572799683, 0.7506426572799683, 0.7737789154052734, 0.7183462977409363, 0.7455012798309326, 0.7377892136573792, 0.7557840347290039, 0.7493606209754944, 0.737113356590271, 0.7731958627700806, 0.7326478362083435, 0.7293814420700073, 0.780927836894989, 0.780927836894989, 0.7493606209754944, 0.812820553779602, 0.7700258493423462, 0.8015463948249817], "auc": [0.6523855328559875, 0.6896289587020874, 0.672918975353241, 0.63374924659729, 0.6529013514518738, 0.7015952467918396, 0.7147172093391418, 0.7219762802124023, 0.6857046484947205, 0.7215604186058044, 0.7352518439292908, 0.7319819927215576, 0.7335941791534424, 0.7377296686172485, 0.7404348254203796, 0.7341838479042053, 0.7504496574401855, 0.7628045082092285, 0.711539089679718, 0.7264995574951172, 0.7443873882293701, 0.7541543841362, 0.7623999714851379, 0.7537070512771606, 0.7754342555999756, 0.7650611400604248, 0.7531602382659912, 0.7663561105728149, 0.7734525799751282, 0.7746926546096802, 0.7798951268196106, 0.785169243812561, 0.7808434963226318, 0.7867629528045654, 0.7850870490074158, 0.7445427775382996, 0.7745465636253357, 0.7882545590400696, 0.7855760455131531, 0.7884534001350403, 0.7891719341278076, 0.7806361317634583, 0.8020546436309814, 0.7948858737945557, 0.8018587827682495, 0.7633666396141052, 0.7688146829605103, 0.7834509015083313, 0.795880913734436, 0.7948225736618042, 0.7907522916793823, 0.8125603199005127, 0.7704337239265442, 0.7835602760314941, 0.8046172857284546, 0.8054900169372559, 0.7934334874153137, 0.8195866346359253, 0.8114550709724426, 0.8291171789169312],