{"loss": [0.7103850841522217, 0.5097782611846924, 0.4451860785484314, 0.39309436082839966, 0.38786861300468445, 0.3287096917629242, 0.26348066329956055, 0.19794031977653503, 0.17126768827438354, 0.15645183622837067, 0.13418707251548767, 0.1133735254406929, 0.09263107925653458, 0.10606729984283447, 0.1494976133108139, 0.42204147577285767, 0.36491256952285767, 0.18536773324012756, 0.10843682289123535, 0.07784035801887512, 0.06561771035194397, 0.05999743938446045, 0.058963578194379807, 0.05928691476583481, 0.02734948880970478, 0.017193671315908432, 0.01628471352159977, 0.030100831761956215, 0.08990620076656342, 0.3388339877128601, 0.11461284756660461, 0.05177506431937218, 0.032366640865802765, 0.023899748921394348, 0.01859765127301216, 0.020648548379540443, 0.011107186786830425, 0.007254507392644882, 0.02173440158367157, 0.032259512692689896, 0.03101751208305359, 0.020329277962446213, 0.05116426944732666, 0.08210925757884979, 0.11739138513803482, 0.03394975885748863, 0.01235614251345396, 0.006204935722053051, 0.0032721369061619043, 0.014561411924660206, 0.011058686301112175, 0.0040632071904838085, 0.0026795805897563696, 0.001745457760989666, 0.0015981374308466911, 0.0013683344004675746, 0.006242384668439627, 0.9863913059234619, 0.5891438126564026, 0.41562533378601074], "tp": [266.0, 310.0, 321.0, 335.0, 335.0, 350.0, 367.0, 371.0, 379.0, 378.0, 377.0, 384.0, 387.0, 378.0, 368.0, 323.0, 340.0, 379.0, 386.0, 387.0, 389.0, 387.0, 387.0, 387.0, 393.0, 393.0, 393.0, 387.0, 379.0, 345.0, 382.0, 394.0, 390.0, 393.0, 389.0, 391.0, 392.0, 393.0, 387.0, 389.0, 391.0, 392.0, 384.0, 384.0, 377.0, 388.0, 391.0, 390.0, 391.0, 391.0, 396.0, 395.0, 395.0, 398.0, 391.0, 395.0, 389.0, 277.0, 300.0, 338.0], "fp": [6832.0, 6024.0, 5683.0, 4659.0, 4262.0, 3761.0, 2919.0, 2169.0, 1728.0, 1511.0, 1310.0, 1141.0, 806.0, 902.0, 1198.0, 2885.0, 4074.0, 1909.0, 1137.0, 759.0, 639.0, 540.0, 535.0, 560.0, 247.0, 147.0, 139.0, 275.0, 642.0, 2463.0, 1159.0, 479.0, 275.0, 195.0, 134.0, 159.0, 84.0, 53.0, 172.0, 261.0, 228.0, 170.0, 299.0, 692.0, 961.0, 312.0, 89.0, 42.0, 22.0, 97.0, 99.0, 30.0, 14.0, 7.0, 7.0, 5.0, 42.0, 3482.0, 5375.0, 4387.0], "tn": [14858.0, 15661.0, 16006.0, 17030.0, 17429.0, 17927.0, 18768.0, 19519.0, 19954.0, 20175.0, 20380.0, 20547.0, 20880.0, 20785.0, 20489.0, 18801.0, 17612.0, 19774.0, 20550.0, 20928.0, 21046.0, 21147.0, 21153.0, 21128.0, 21439.0, 21540.0, 21547.0, 21413.0, 21047.0, 19226.0, 20530.0, 21206.0, 21413.0, 21491.0, 21556.0, 21528.0, 21604.0, 21634.0, 21517.0, 21426.0, 21458.0, 21517.0, 21388.0, 20992.0, 20728.0, 21378.0, 21599.0, 21648.0, 21667.0, 21589.0, 21585.0, 21655.0, 21671.0, 21675.0, 21682.0, 21680.0, 21648.0, 18204.0, 16310.0, 17300.0], "fn": [124.0, 85.0, 70.0, 56.0, 54.0, 42.0, 26.0, 21.0, 19.0, 16.0, 13.0, 8.0, 7.0, 15.0, 25.0, 71.0, 54.0, 18.0, 7.0, 6.0, 6.0, 6.0, 5.0, 5.0, 1.0, 0.0, 1.0, 5.0, 12.0, 46.0, 9.0, 1.0, 2.0, 1.0, 1.0, 2.0, 0.0, 0.0, 4.0, 4.0, 3.0, 1.0, 9.0, 12.0, 14.0, 2.0, 1.0, 0.0, 0.0, 3.0, 0.0, 0.0, 0.0, 0.0, 0.0, 0.0, 1.0, 117.0, 95.0, 55.0], "accuracy": [0.6849637627601624, 0.7233242988586426, 0.7394474744796753, 0.7864583730697632, 0.8045290112495422, 0.8277627229690552, 0.8666214346885681, 0.9008152484893799, 0.9208786487579346, 0.930842399597168, 0.9400815367698669, 0.9479619860649109, 0.9631794095039368, 0.9584692120552063, 0.9446105360984802, 0.8661231994628906, 0.8130435347557068, 0.9127264618873596, 0.9481884241104126, 0.9653533101081848, 0.9707880616188049, 0.9752717614173889, 0.9755434989929199, 0.9744112491607666, 0.9887681603431702, 0.993342399597168, 0.9936594367027283, 0.9873188734054565, 0.9703804850578308, 0.8863677978515625, 0.9471014738082886, 0.97826087474823, 0.9874547719955444, 0.9911231994628906, 0.99388587474823, 0.9927083849906921, 0.9961956739425659, 0.9975996613502502, 0.9920290112495422, 0.9879982471466064, 0.9895380735397339, 0.992255449295044, 0.9860507845878601, 0.9681159853935242, 0.9558424353599548, 0.9857790470123291, 0.9959239363670349, 0.998097836971283, 0.9990036487579346, 0.9954710602760315, 0.9955163598060608, 0.998641312122345, 0.9993659853935242, 0.9996830224990845, 0.9996830224990845, 0.9997735619544983, 0.9980525970458984, 0.8370018601417542, 0.7522644996643066, 0.7988224625587463], "precision": [0.0374753475189209, 0.04894221946597099, 0.05346435680985451, 0.06708049774169922, 0.07287360727787018, 0.08513743430376053, 0.11168593913316727, 0.14606298506259918, 0.17987659573554993, 0.20010587573051453, 0.22347360849380493, 0.25180327892303467, 0.32439228892326355, 0.2953124940395355, 0.2349936068058014, 0.10068578273057938, 0.07702763378620148, 0.16564685106277466, 0.25344714522361755, 0.3376963138580322, 0.3784046769142151, 0.41747570037841797, 0.419739693403244, 0.4086589515209198, 0.614062488079071, 0.7277777791023254, 0.7387218475341797, 0.5845921635627747, 0.3712047040462494, 0.12286324799060822, 0.24789097905158997, 0.45131731033325195, 0.5864661931991577, 0.668367326259613, 0.7437858581542969, 0.7109091281890869, 0.8235294818878174, 0.8811659812927246, 0.6923076510429382, 0.5984615683555603, 0.631663978099823, 0.6975088715553284, 0.5622254610061646, 0.35687732696533203, 0.28176382184028625, 0.5542857050895691, 0.8145833611488342, 0.9027777910232544, 0.9467312097549438, 0.8012294769287109, 0.800000011920929, 0.9294117093086243, 0.9657701849937439, 0.9827160835266113, 0.9824120402336121, 0.9874999523162842, 0.9025522470474243, 0.07368981093168259, 0.05286343768239021, 0.07153439521789551], "recall": [0.6820513010025024, 0.7848101258277893, 0.8209718465805054, 0.8567774891853333, 0.8611825108528137, 0.8928571939468384, 0.9338422417640686, 0.946428656578064, 0.9522612690925598, 0.9593908190727234, 0.9666666984558105, 0.9795919060707092, 0.982233464717865, 0.9618320465087891, 0.93638676404953, 0.8197969198226929, 0.8629441261291504, 0.9546599984169006, 0.9821882843971252, 0.9847328066825867, 0.9848101139068604, 0.9847328066825867, 0.9872449636459351, 0.9872449636459351, 0.9974619150161743, 1.0, 0.9974619150161743, 0.9872449636459351, 0.9693094491958618, 0.8823529481887817, 0.9769821166992188, 0.9974683523178101, 0.9948980212211609, 0.9974619150161743, 0.9974359273910522, 0.9949109554290771, 1.0000001192092896, 1.0, 0.9897698163986206, 0.9898219108581543, 0.992385745048523, 0.9974554777145386, 0.9770992398262024, 0.9696969985961914, 0.9641943573951721, 0.9948718547821045, 0.9974490404129028, 1.0, 1.0, 0.992385745048523, 1.0, 1.0, 1.0, 1.0, 1.0, 1.0, 0.9974359273910522, 0.703045666217804, 0.7594936490058899, 0.8600509166717529], "auc": [0.7444269061088562, 0.8283769488334656, 0.8643129467964172, 0.8971908092498779, 0.9028586745262146, 0.930492103099823, 0.955143928527832, 0.9744648933410645, 0.9809327721595764, 0.9841645956039429, 0.988206148147583, 0.9914073348045349, 0.9930797815322876, 0.9924827814102173, 0.986138105392456, 0.9208051562309265, 0.917140007019043, 0.9793209433555603, 0.9930903911590576, 0.9962242841720581, 0.9973553419113159, 0.9975544214248657, 0.9975422024726868, 0.9972766637802124, 0.9995704889297485, 0.9998200535774231, 0.9997861981391907, 0.9992020726203918, 0.9925790429115295, 0.9411333799362183, 0.9924100041389465, 0.9986413717269897, 0.9994616508483887, 0.9996727108955383, 0.9997932314872742, 0.999718427658081, 0.9999674558639526, 0.9999920725822449, 0.9993975162506104, 0.998856246471405, 0.9989280700683594, 0.9994969367980957, 0.9969773292541504, 0.9953112602233887, 0.990251898765564, 0.9993292093276978, 0.9998942017555237, 0.9999713897705078, 1.0000004768371582, 0.9996334314346313, 0.9998031258583069, 0.9999961256980896, 0.9999756217002869, 1.000000238418579, 0.9999993443489075, 0.999976634979248, 0.9998925924301147, 0.8494283556938171, 0.8276903629302979, 0.898392379283905],