{"loss": [0.7507767677307129, 0.5295801162719727, 0.4424411356449127, 0.39115309715270996, 0.31722554564476013, 0.2782132923603058, 0.24828483164310455, 0.19667869806289673, 0.1571740061044693, 0.18514132499694824, 0.1533007174730301, 0.09920527786016464, 0.07116741687059402, 0.056281693279743195, 0.06596604734659195, 0.17528419196605682, 0.12786073982715607, 0.07390999794006348, 0.06604862213134766, 0.06003866717219353, 0.03801677003502846, 0.02430436946451664, 0.03096609376370907, 0.02177710086107254, 0.02985239215195179, 0.0372484028339386, 0.03282894566655159, 0.027261285111308098, 0.027288030833005905, 0.06580257415771484, 0.11914317309856415, 0.06721404194831848, 0.08355692028999329, 0.14397811889648438, 0.13865600526332855, 0.04436933249235153, 0.0435873419046402, 0.027171077206730843, 0.04522779956459999, 0.019978748634457588, 0.006398382131010294, 0.0032287570647895336, 0.0034919248428195715, 0.00400413665920496, 0.0040663606487214565, 0.002900525461882353, 0.0015297298086807132, 0.0011991832870990038, 0.002324088243767619, 0.0016554971225559711, 0.0021700949873775244, 0.0015921805752441287, 0.000494965526740998, 0.0025086121167987585, 0.004687377717345953, 0.0019067025277763605, 0.011528093367815018, 0.1735026091337204, 0.1947963684797287, 0.1138809472322464], "tp": [249.0, 307.0, 317.0, 336.0, 346.0, 353.0, 354.0, 367.0, 376.0, 368.0, 375.0, 387.0, 384.0, 390.0, 386.0, 371.0, 379.0, 393.0, 385.0, 387.0, 393.0, 391.0, 392.0, 394.0, 388.0, 391.0, 392.0, 389.0, 387.0, 385.0, 377.0, 388.0, 377.0, 370.0, 379.0, 389.0, 388.0, 391.0, 387.0, 391.0, 393.0, 393.0, 392.0, 398.0, 390.0, 392.0, 392.0, 392.0, 392.0, 398.0, 395.0, 394.0, 393.0, 396.0, 394.0, 392.0, 394.0, 366.0, 369.0, 378.0], "fp": [6559.0, 6690.0, 5132.0, 4627.0, 3541.0, 3102.0, 2532.0, 2190.0, 1559.0, 1657.0, 1584.0, 984.0, 675.0, 531.0, 625.0, 1518.0, 1191.0, 719.0, 562.0, 511.0, 371.0, 200.0, 235.0, 200.0, 227.0, 332.0, 294.0, 256.0, 245.0, 528.0, 1028.0, 692.0, 727.0, 1189.0, 1328.0, 413.0, 373.0, 220.0, 354.0, 177.0, 46.0, 25.0, 19.0, 35.0, 33.0, 22.0, 5.0, 5.0, 22.0, 9.0, 18.0, 12.0, 1.0, 15.0, 44.0, 15.0, 110.0, 1451.0, 1750.0, 1045.0], "tn": [15129.0, 14996.0, 16556.0, 17061.0, 18147.0, 18587.0, 19155.0, 19497.0, 20125.0, 20030.0, 20105.0, 20701.0, 21013.0, 21155.0, 21061.0, 20169.0, 20497.0, 20962.0, 21125.0, 21178.0, 21315.0, 21487.0, 21450.0, 21484.0, 21461.0, 21354.0, 21389.0, 21435.0, 21445.0, 21155.0, 20661.0, 20995.0, 20962.0, 20500.0, 20360.0, 21273.0, 21314.0, 21466.0, 21333.0, 21511.0, 21641.0, 21662.0, 21669.0, 21647.0, 21657.0, 21666.0, 21683.0, 21683.0, 21666.0, 21673.0, 21667.0, 21674.0, 21686.0, 21669.0, 21642.0, 21673.0, 21575.0, 20235.0, 19938.0, 20641.0], "fn": [143.0, 87.0, 75.0, 56.0, 46.0, 38.0, 39.0, 26.0, 20.0, 25.0, 16.0, 8.0, 8.0, 4.0, 8.0, 22.0, 13.0, 6.0, 8.0, 4.0, 1.0, 2.0, 3.0, 2.0, 4.0, 3.0, 5.0, 0.0, 3.0, 12.0, 14.0, 5.0, 14.0, 21.0, 13.0, 5.0, 5.0, 3.0, 6.0, 1.0, 0.0, 0.0, 0.0, 0.0, 0.0, 0.0, 0.0, 0.0, 0.0, 0.0, 0.0, 0.0, 0.0, 0.0, 0.0, 0.0, 1.0, 28.0, 23.0, 16.0], "accuracy": [0.696467399597168, 0.693070650100708, 0.7641757726669312, 0.7879076600074768, 0.8375453352928162, 0.8577898740768433, 0.8835598230361938, 0.8996376991271973, 0.9284873604774475, 0.9238225221633911, 0.9275362491607666, 0.9550725221633911, 0.9690670371055603, 0.9757699370384216, 0.9713315367698669, 0.9302536845207214, 0.9454710483551025, 0.9671648740768433, 0.9741848111152649, 0.9766757488250732, 0.9831522107124329, 0.9908514618873596, 0.9892210364341736, 0.9908514618873596, 0.9895380735397339, 0.9848279356956482, 0.9864583611488342, 0.9884058237075806, 0.9887681603431702, 0.9755434989929199, 0.9528080224990845, 0.9684330224990845, 0.9664402604103088, 0.9451993107795715, 0.9392663240432739, 0.9810688495635986, 0.9828804731369019, 0.9899004101753235, 0.9836956858634949, 0.9919384121894836, 0.9979166984558105, 0.9988678097724915, 0.9991395473480225, 0.9984148740768433, 0.9985054731369019, 0.9990036487579346, 0.9997735619544983, 0.9997735619544983, 0.9990036487579346, 0.9995924234390259, 0.9991848468780518, 0.9994565844535828, 0.9999547600746155, 0.9993206858634949, 0.9980072975158691, 0.9993206858634949, 0.9949728846549988, 0.9330163598060608, 0.919701099395752, 0.9519475102424622], "precision": [0.03657461702823639, 0.04387594759464264, 0.05817580968141556, 0.06770098209381104, 0.08901466429233551, 0.10217076539993286, 0.12266112118959427, 0.1435275673866272, 0.19431525468826294, 0.18172839283943176, 0.1914241760969162, 0.2822757065296173, 0.3626062273979187, 0.42345279455184937, 0.38180023431777954, 0.1964002102613449, 0.2414012849330902, 0.3534172773361206, 0.40654700994491577, 0.43095770478248596, 0.514397919178009, 0.661590576171875, 0.6251993775367737, 0.6632996201515198, 0.6308943033218384, 0.5408022403717041, 0.5714285373687744, 0.6031007766723633, 0.6123417615890503, 0.4216867685317993, 0.26832741498947144, 0.3592592477798462, 0.34148550033569336, 0.23733161389827728, 0.22202694416046143, 0.4850373864173889, 0.5098554491996765, 0.6399344801902771, 0.52226722240448, 0.6883803009986877, 0.8952164649963379, 0.9401913285255432, 0.9537712931632996, 0.9191685914993286, 0.9219858050346375, 0.9468598961830139, 0.9874055981636047, 0.9874055981636047, 0.9468598961830139, 0.977886974811554, 0.9564164280891418, 0.9704433083534241, 0.9974619150161743, 0.9635036587715149, 0.8995434045791626, 0.9631449580192566, 0.7817460894584656, 0.20143093168735504, 0.17413875460624695, 0.26563599705696106], "recall": [0.6352041363716125, 0.779187798500061, 0.8086735010147095, 0.8571429252624512, 0.8826531171798706, 0.9028133153915405, 0.9007633328437805, 0.9338422417640686, 0.9494949579238892, 0.93638676404953, 0.9590792655944824, 0.9797468185424805, 0.9795919060707092, 0.989847719669342, 0.9796954393386841, 0.9440203309059143, 0.9668368101119995, 0.9849624037742615, 0.9796437621116638, 0.9897698163986206, 0.9974619150161743, 0.9949109554290771, 0.9924050569534302, 0.9949495196342468, 0.989795982837677, 0.992385745048523, 0.9874055981636047, 1.0, 0.992307722568512, 0.9697733521461487, 0.9641943573951721, 0.9872773289680481, 0.9641943573951721, 0.9462915658950806, 0.9668368101119995, 0.9873096346855164, 0.9872773289680481, 0.992385745048523, 0.9847328066825867, 0.9974490404129028, 1.0, 1.0, 1.0000001192092896, 1.0, 1.0, 1.0000001192092896, 1.0000001192092896, 1.0000001192092896, 1.0000001192092896, 1.0, 1.0, 1.0, 1.0, 1.0, 1.0, 1.0000001192092896, 0.9974683523178101, 0.9289339780807495, 0.9413266181945801, 0.9593908190727234], "auc": [0.7323046326637268, 0.8149958252906799, 0.8717711567878723, 0.8999744653701782, 0.9360305070877075, 0.9511116147041321, 0.961071252822876, 0.9756646156311035, 0.9842677116394043, 0.9788466691970825, 0.9849336743354797, 0.9935707449913025, 0.9966391921043396, 0.9978246092796326, 0.9967443943023682, 0.9812182784080505, 0.9894205331802368, 0.9963570237159729, 0.9960068464279175, 0.9973267316818237, 0.9988574981689453, 0.9994906783103943, 0.9990840554237366, 0.9994866251945496, 0.9991592764854431, 0.998566210269928, 0.998965322971344, 0.9992989301681519, 0.9993186593055725, 0.996772825717926, 0.9907223582267761, 0.9969733953475952, 0.9955830574035645, 0.9877926111221313, 0.98658287525177, 0.9987806081771851, 0.9986266493797302, 0.9995128512382507, 0.998291015625, 0.9996117353439331, 0.9999841451644897, 0.9999980926513672, 0.9999977350234985, 0.9999702572822571, 0.9999438524246216, 0.9999973177909851, 0.9999997615814209, 1.0, 0.9999976754188538, 0.9999988079071045, 0.9999731183052063, 0.9999758005142212, 1.000000238418579, 0.9999972581863403, 0.999920129776001, 0.9999760389328003, 0.9997200965881348, 0.9830186367034912, 0.9766342639923096, 0.9916422963142395],