{"loss": [0.7158093452453613, 0.5191146731376648, 0.4546062648296356, 0.35524389147758484, 0.33744871616363525, 0.2826724946498871, 0.2112531214952469, 0.15740199387073517, 0.17095930874347687, 0.183124378323555, 0.12674453854560852, 0.09183041751384735, 0.09971339255571365, 0.126954585313797, 0.11289926618337631, 0.11473338305950165, 0.10793166607618332, 0.08784732222557068, 0.07149557024240494, 0.044289764016866684, 0.06356295943260193, 0.056375499814748764, 0.03472915291786194, 0.02929937280714512, 0.050103992223739624, 0.042424753308296204, 0.03576231375336647, 0.025937015190720558, 0.041835688054561615, 0.064055435359478, 0.10580695420503616, 0.0581674799323082, 0.031841762363910675, 0.03609910607337952, 0.03289225697517395, 0.026718828827142715, 0.024839412420988083, 0.018379494547843933, 0.05028397962450981, 0.04568998143076897, 0.06174127385020256, 0.05709831789135933, 0.030284330248832703, 0.031553931534290314, 0.11096720397472382, 0.0700812041759491, 0.023577969521284103, 0.009520153515040874, 0.005112089216709137, 0.0028963335789740086, 0.0030490998178720474, 0.001480867969803512, 0.000631449103821069, 0.02401311695575714, 0.04658086597919464, 0.07902956753969193, 0.03200885280966759, 0.015596657991409302, 0.009762858040630817, 0.004825167823582888], "tp": [275.0, 311.0, 316.0, 355.0, 349.0, 356.0, 372.0, 378.0, 369.0, 368.0, 380.0, 379.0, 383.0, 366.0, 376.0, 371.0, 379.0, 382.0, 385.0, 388.0, 382.0, 384.0, 390.0, 387.0, 383.0, 392.0, 386.0, 387.0, 384.0, 386.0, 379.0, 382.0, 386.0, 388.0, 388.0, 388.0, 388.0, 390.0, 384.0, 387.0, 382.0, 384.0, 389.0, 383.0, 378.0, 379.0, 388.0, 390.0, 391.0, 392.0, 389.0, 395.0, 389.0, 391.0, 384.0, 386.0, 390.0, 394.0, 393.0, 387.0], "fp": [6939.0, 6078.0, 5651.0, 4214.0, 3852.0, 3104.0, 2407.0, 1694.0, 1697.0, 1837.0, 1356.0, 823.0, 955.0, 1151.0, 1155.0, 949.0, 1013.0, 713.0, 669.0, 421.0, 517.0, 546.0, 300.0, 299.0, 437.0, 389.0, 332.0, 228.0, 329.0, 573.0, 957.0, 559.0, 310.0, 316.0, 229.0, 259.0, 200.0, 164.0, 368.0, 357.0, 551.0, 583.0, 288.0, 299.0, 1028.0, 586.0, 189.0, 87.0, 37.0, 25.0, 29.0, 10.0, 0.0, 189.0, 371.0, 705.0, 330.0, 152.0, 101.0, 52.0], "tn": [14753.0, 15608.0, 16041.0, 17473.0, 17839.0, 18585.0, 19283.0, 19994.0, 19992.0, 19851.0, 20333.0, 20868.0, 20733.0, 20540.0, 20536.0, 20742.0, 20674.0, 20974.0, 21018.0, 21268.0, 21172.0, 21142.0, 21385.0, 21391.0, 21252.0, 21296.0, 21358.0, 21463.0, 21362.0, 21114.0, 20730.0, 21133.0, 21380.0, 21374.0, 21460.0, 21431.0, 21489.0, 21524.0, 21321.0, 21330.0, 21138.0, 21108.0, 21400.0, 21393.0, 20661.0, 21106.0, 21500.0, 21603.0, 21652.0, 21663.0, 21662.0, 21675.0, 21691.0, 21497.0, 21320.0, 20979.0, 21358.0, 21534.0, 21586.0, 21641.0], "fn": [113.0, 83.0, 72.0, 38.0, 40.0, 35.0, 18.0, 14.0, 22.0, 24.0, 11.0, 10.0, 9.0, 23.0, 13.0, 18.0, 14.0, 11.0, 8.0, 3.0, 9.0, 8.0, 5.0, 3.0, 8.0, 3.0, 4.0, 2.0, 5.0, 7.0, 14.0, 6.0, 4.0, 2.0, 3.0, 2.0, 3.0, 2.0, 7.0, 6.0, 9.0, 5.0, 3.0, 5.0, 13.0, 9.0, 3.0, 0.0, 0.0, 0.0, 0.0, 0.0, 0.0, 3.0, 5.0, 10.0, 2.0, 0.0, 0.0, 0.0], "accuracy": [0.6806159615516663, 0.7209692001342773, 0.7408061623573303, 0.8074275851249695, 0.8237318992614746, 0.8578351736068726, 0.8901721239089966, 0.9226449728012085, 0.9221467971801758, 0.9157156348228455, 0.9380887746810913, 0.9622735977172852, 0.9563406109809875, 0.9468297362327576, 0.9471014738082886, 0.9562047719955444, 0.9534873366355896, 0.9672101736068726, 0.9693387746810913, 0.9807971119880676, 0.9761775732040405, 0.9749094247817993, 0.9861866235733032, 0.9863225221633911, 0.9798460602760315, 0.9822463989257812, 0.9847826361656189, 0.9895833730697632, 0.9848732352256775, 0.9737319350242615, 0.9560235738754272, 0.9744112491607666, 0.9857790470123291, 0.9855978488922119, 0.9894927740097046, 0.9881793856620789, 0.9908062219619751, 0.9924819469451904, 0.983016312122345, 0.983559787273407, 0.9746376872062683, 0.9733695983886719, 0.9868206977844238, 0.9862319231033325, 0.9528533220291138, 0.9730525612831116, 0.9913043975830078, 0.9960598349571228, 0.9983243346214294, 0.9988678097724915, 0.9986866116523743, 0.9995471239089966, 1.0, 0.9913043975830078, 0.9829710721969604, 0.9676178097724915, 0.9849637746810913, 0.9931159615516663, 0.9954257607460022, 0.9976449608802795], "precision": [0.0381203219294548, 0.048677414655685425, 0.052957933396101, 0.07769753038883209, 0.08307545632123947, 0.10289017111063004, 0.13386110961437225, 0.18243244290351868, 0.17860601842403412, 0.16689342260360718, 0.21889400482177734, 0.3153077960014343, 0.286248117685318, 0.2412656545639038, 0.24559113383293152, 0.2810606062412262, 0.2722701132297516, 0.34885844588279724, 0.36527514457702637, 0.47960445284843445, 0.4249165952205658, 0.4129032492637634, 0.5652174353599548, 0.5641399025917053, 0.4670731723308563, 0.5019206404685974, 0.5376044511795044, 0.6292682886123657, 0.538569450378418, 0.4025025963783264, 0.283682644367218, 0.4059511125087738, 0.5545976758003235, 0.5511363744735718, 0.6288493275642395, 0.599690854549408, 0.6598639488220215, 0.7039711475372314, 0.5106382966041565, 0.5201612710952759, 0.40943196415901184, 0.3971044421195984, 0.5745937824249268, 0.5615835785865784, 0.268847793340683, 0.39274609088897705, 0.672443687915802, 0.8176100254058838, 0.913551390171051, 0.9400479197502136, 0.9306219816207886, 0.9753086566925049, 1.0, 0.6741379499435425, 0.5086092948913574, 0.3538038432598114, 0.5416666865348816, 0.721611738204956, 0.7955465912818909, 0.8815490007400513], "recall": [0.7087628841400146, 0.789340078830719, 0.8144329786300659, 0.9033079147338867, 0.897172212600708, 0.9104859232902527, 0.9538461565971375, 0.9642857909202576, 0.9437339901924133, 0.9387755990028381, 0.971867024898529, 0.974293053150177, 0.9770408868789673, 0.9408740401268005, 0.9665809869766235, 0.9537274837493896, 0.9643765687942505, 0.9720101952552795, 0.9796437621116638, 0.9923273324966431, 0.9769821166992188, 0.9795919060707092, 0.9873417615890503, 0.992307722568512, 0.9795396327972412, 0.9924050569534302, 0.9897436499595642, 0.9948586225509644, 0.9871464967727661, 0.9821882843971252, 0.9643765687942505, 0.9845360517501831, 0.9897436499595642, 0.9948718547821045, 0.9923273324966431, 0.9948718547821045, 0.9923273324966431, 0.9948980212211609, 0.9820971488952637, 0.9847328066825867, 0.9769821166992188, 0.9871464967727661, 0.992347002029419, 0.987113356590271, 0.9667519330978394, 0.9768040776252747, 0.9923273324966431, 1.0, 1.0, 1.0000001192092896, 1.0, 1.0, 1.0, 0.992385745048523, 0.9871464967727661, 0.9747474789619446, 0.9948980212211609, 1.0, 1.0, 1.0], "auc": [0.7468938231468201, 0.8274147510528564, 0.8603969216346741, 0.9190053939819336, 0.9258161187171936, 0.9489046335220337, 0.9714319705963135, 0.9840243458747864, 0.981381893157959, 0.978578507900238, 0.9899046421051025, 0.9947203397750854, 0.9934467673301697, 0.9896436929702759, 0.9917485117912292, 0.9915274977684021, 0.9922497868537903, 0.9950814843177795, 0.9967114925384521, 0.9984707236289978, 0.9969102740287781, 0.9976839423179626, 0.9991517066955566, 0.9991565346717834, 0.9979327917098999, 0.9985960721969604, 0.9989373683929443, 0.9994351267814636, 0.9983417391777039, 0.996803879737854, 0.992635190486908, 0.997553825378418, 0.9992250204086304, 0.9989410042762756, 0.9989023804664612, 0.9991585612297058, 0.9994483590126038, 0.9996777772903442, 0.9977468252182007, 0.9982867240905762, 0.9971634745597839, 0.9972894787788391, 0.999133825302124, 0.9990638494491577, 0.9922140836715698, 0.9966810345649719, 0.9996365308761597, 0.9999166131019592, 0.9999916553497314, 0.9999993443489075, 0.9999966025352478, 0.9999996423721313, 0.9999996423721313, 0.9993129372596741, 0.9976987242698669, 0.9954413771629333, 0.999151349067688, 0.9996352195739746, 0.9998782873153687, 0.9999387860298157],